Date,gdp,cpi,Inflation,unemployment,fedFunds,unemployment_rolling6,gdp_growth,Period,spy_returns,qqq_returns,tlt_returns,gld_returns,hyg_returns,uup_returns,spy_volatility,qqq_volatility,tlt_volatility,gld_volatility,hyg_volatility,uup_volatility,SPY,QQQ,TLT,GLD,HYG,UUP
2008-01-01,16843.003,212.174,4.294695655165981,5.0,3.94,4.783333333333334,1.3924712055185309,Stagflation,-5.547501225943041,-11.79805803266034,2.916114677247239,10.84162326056788,-0.6514349121467977,-0.2718303527439736,0.1497196770474878,0.1796892810329203,0.1394806655687,0.1630276366058818,0.08824373916404,0.0806384329032966,,,,,,
2008-02-01,16843.003,212.687,,4.9,2.98,,,Moderate Growth,,,,,,,,,,,,,100.52061462402344,39.35676956176758,56.95857620239258,89.3499984741211,33.55381774902344,20.19257545471191
2008-03-01,16843.003,213.448,3.9749035501344343,5.1,2.61,4.8999999999999995,1.3924712055185309,Stagflation,-1.3824924076935252,1.7927423557566602,2.1153457216590787,-5.999164716945737,0.9790559029475788,-2.3965188452307995,0.1497196770474878,0.1796892810329203,0.1394806655687,0.1630276366058818,0.08824373916404,0.0806384329032966,,,,,,
2008-04-01,16943.291,213.942,,5.0,2.28,,,Moderate Growth,-1.6432926176723872,0.078141803044085,-0.5786081351390249,-2.7867911654086086,-0.5601566724253937,-3.314906167865872,,,,,,,98.86876678466795,39.38752365112305,56.62900924682617,86.86000061035156,33.36586380004883,19.523210525512695
2008-05-01,16943.291,215.208,,5.4,1.98,,,Moderate Growth,3.301369009949684,6.821686701946694,-0.8665368133483731,-3.304170764926284,5.132244178664291,0.2197681956000341,,,,,,,102.1327896118164,42.07441711425781,56.13829803466797,83.98999786376953,35.07828140258789,19.566116333007812
2008-06-01,16943.291,217.463,4.935966105947864,5.6,2.0,5.166666666666667,1.3760107660276244,Stagflation,-8.813683028775321,-9.678045514391398,2.6522331931628784,4.51687217321981,-3.745805025783744,-0.9687323653088886,0.1378275144592965,0.2312586672643802,0.0850016282955043,0.1856969062447944,0.0967193687917392,0.0433350343953038,,,,,,
2008-07-01,16854.295,219.016,,5.8,2.01,,,Moderate Growth,-8.57271619868274,-5.868649653712266,-0.3491158590076648,10.32266462537892,-6.258302239526225,-1.447367394923904,,,,,,,93.37723541259766,39.60521697998047,55.94231033325195,92.66000366210938,32.88297653198242,19.282922744750977
2008-08-01,16854.295,218.69,,6.1,2.0,,,Moderate Growth,-1.7292880276483458,-2.0301436968986564,0.0900992373579878,-3.334776435529885,0.2465987824932014,1.424132315113913,,,,,,,91.7624740600586,38.80117416381836,55.992713928222656,89.56999969482422,32.96406555175781,19.557537078857425
2008-09-01,16854.295,218.877,4.953319875136075,6.1,1.81,5.666666666666667,0.2659672721286865,Stagflation,-9.938679719872225,-15.633121988619749,1.475760466343079,4.112104574714248,-10.624346482393642,2.08856159201678,0.1554948984043728,0.2674053902972158,0.0840730497582451,0.208066323497349,0.119001951011529,0.0721675303658593,,,,,,
2008-10-01,16485.35,216.995,,6.5,0.97,5.616666666666667,,Moderate Growth,-7.473187882659815,-14.15788927782986,5.334287949288452,-4.019201168233478,-7.188035363066714,7.678786227364664,,,,,,,84.90489196777344,33.30774688720703,58.97952651977539,85.97000122070312,30.59459686279297,21.05931854248047
2008-11-01,16485.35,213.153,1.0999174706166848,6.8,0.39,6.1499999999999995,-2.5411536884212604,Recession,-6.9606497547140105,-11.462464910504,14.23469810815292,12.573593609702648,-7.205293955571712,0.1886689433306276,0.2058295929083807,0.2876794405426541,0.1572091085802962,0.2921619793083558,0.1622273032722309,0.1071670581996264,,,,,,
2008-12-01,16485.35,211.398,,7.3,0.16,6.016666666666667,,Slow Growth,-29.252104522253987,-30.051912482565847,15.063589470083327,-12.004186981841023,-22.791467533811534,8.801956100941677,,,,,,,60.06842422485352,23.298131942749023,67.86396026611328,75.6500015258789,23.621639251708984,22.91295051574707
2009-01-01,16298.262,211.933,-0.1135860190221271,7.8,0.15,6.766666666666667,-3.234227293078318,Recession,-7.466294586992017,-2.144625847116255,-12.48577158570142,5.536293459751573,0.7419506790494967,5.809785141976875,0.211450461917189,0.2799358636000587,0.2458342470955344,0.2793188255056886,0.2482232243480346,0.1434478385631159,,,,,,
2009-02-01,16298.262,212.705,0.0084631406715107,8.3,0.22,7.133333333333333,-3.234227293078318,Recession,-10.744942606728792,-5.2649501143244954,-1.8023356041247165,1.4456244990885605,-10.619341573129503,2.0423810530961983,0.222000179936572,0.2802359160765693,0.2469824110502212,0.2745545281336941,0.2652093245502726,0.1396841313487449,,,,,,
2009-03-01,16298.262,212.495,-0.4464787676623838,8.7,0.18,7.566666666666666,-3.234227293078318,Recession,7.56119742427086,10.13437544032183,4.045128392533903,-2.5369734900152596,1.8370076114252896,-3.172204506086662,0.2514801255994259,0.3078086446345182,0.2484740385955606,0.2684387140000769,0.2663864558681097,0.1421354847844672,,,,,,
2009-04-01,16269.145,212.709,,9.0,0.15,6.683333333333334,,Slow Growth,0.2349081962384369,14.61428640079916,-1.6226300763400814,20.330465225644012,8.755309643263365,-3.2491091930939686,,,,,,,60.209529876708984,26.70298767089844,66.76277923583984,91.02999877929688,25.689786911010746,22.16848373413086
2009-05-01,16269.145,213.022,,9.4,0.18,7.35,,Slow Growth,8.425883705502057,11.699696058358612,-8.428198741339443,-4.482040959867184,13.48739056876953,-1.4808903634018655,,,,,,,65.28271484375,29.82715606689453,61.13587951660156,86.94999694824219,29.1546688079834,21.840192794799805
2009-06-01,16269.145,214.79,,9.5,0.21,7.966666666666666,,Slow Growth,7.827961503077807,5.877221029260737,-5.894347852456483,10.097765056757613,5.455170648308982,-6.368680424199691,,,,,,,70.39302062988281,31.580163955688477,57.532318115234375,95.7300033569336,30.745105743408203,20.44926071166992
2009-07-01,16326.281,214.726,,9.5,0.16,8.533333333333333,,Slow Growth,-2.0243094008879137,0.1505335988468026,3.6144341850999906,-3.4889834431863553,1.2118461793292346,0.4647196767706196,,,,,,,68.96804809570312,31.627702713012695,59.611785888671875,92.38999938964844,31.11768913269043,20.544292449951172
2009-08-01,16326.281,215.445,-1.4838355663267633,9.6,0.16,9.283333333333331,-3.1328157006863644,Recession,3.693989075543725,1.4701607491213409,2.2154377571311334,0.0535651339851561,-1.627404259641485,-0.2572809973141687,0.3027908144473141,0.3330185723272958,0.2603918830258038,0.2682381302231961,0.3177395712281591,0.1551347467972427,,,,,,
2009-09-01,16326.281,215.861,,9.8,0.15,9.083333333333334,,Slow Growth,8.523747259335956,7.91206743446593,2.774899544835341,1.6343783377053,3.8605899207895034,-1.555928321700073,,,,,,,74.84671020507812,34.13010787963867,61.26595306396485,93.9000015258789,32.31901550292969,20.224637985229492
2009-10-01,16502.754,216.509,1.7970068692491736,10.0,0.12,9.533333333333331,-2.0201207587506764,Recession,3.253995695140244,4.479835314685832,4.113215141095816,4.249198933899789,3.990658428306304,-1.964967343437829,36.04235110768494,42.50787588353813,20.574731829596555,30.45735206798396,32.28132952997122,15.184451025392868,77.28221893310547,35.659080505371094,63.78595352172851,97.88999938964844,33.60875701904297,19.82723045349121
2009-11-01,16502.754,217.234,1.9145871744709275,9.9,0.12,9.716666666666669,0.1055725234829774,Moderate Growth,6.160698373184004,6.3476469222277565,1.2023735320384257,12.78650225927709,1.6753855581951305,-2.334792623299431,0.2225603365507216,0.1908541371243039,0.2178969379150617,0.1910825832793199,0.2401780673392574,0.1200407846568613,,,,,,
2009-12-01,16502.754,217.347,1.5915528507726373,9.9,0.12,9.683333333333334,-2.60006748393804,Recession,8.089739558627329,7.341459725236299,-3.8497336150930095,19.910101118899924,4.381218691595579,-3.834412086602834,37.31935844038869,43.145580134772416,21.119433335342357,35.359076669128996,32.49096782307123,15.314043319453765,83.53414916992188,38.2769775390625,61.33036422729492,117.37999725341795,35.08123016357422,19.066972732543945
2010-01-01,16582.71,217.488,2.6211113889767157,9.8,0.11,9.833333333333334,1.7452658449103264,Moderate Growth,-3.115450917248541,-6.313859204650529,3.387056000134403,-1.2580360682460934,-0.463683146532956,1.6031280472605047,0.2047213316929393,0.2086067907289038,0.1295294287611683,0.2084498462914699,0.1993977562276345,0.0955934837868724,,,,,,
2010-02-01,16582.71,217.281,0.963254154120663,9.8,0.13,9.75,-2.128163885044543,Recession,-1.4850322239827074,-1.540141198794509,-3.623748063040344,-7.69296216611891,1.7719887076741658,5.799710601170305,37.05391465651475,42.630115954002065,21.537144641581097,36.4667083062606,32.18089529720795,16.421397404357492,82.29364013671875,37.68745803833008,59.107906341552734,108.3499984741211,35.70286560058594,20.172801971435547
2010-03-01,16582.71,217.353,-0.7593052562369751,9.9,0.16,9.816666666666668,-1.6113696835138969,Recession,2.5948435769810763,4.969927246620065,0.5264675213586312,0.996771431715926,1.4613391696722378,1.5845813842534362,36.2990434349943,42.416057639342185,21.512751267695783,35.49934691055279,31.30620287969932,16.337921325289535,84.42903137207031,39.56049728393555,59.419090270996094,109.43000030517578,36.224605560302734,20.492456436157227
2010-04-01,16743.162,217.403,-0.5885042754584124,9.9,0.2,9.883333333333336,-0.659374954573877,Recession,5.715596258978395,6.169144211968769,-2.254037818083021,0.7584774090651614,1.8089812588648613,-0.2529423771464478,36.72921993314543,42.61713647977689,21.70908104060076,35.08072224966188,31.292179107436223,16.332640771474054,89.25465393066406,42.00104141235352,58.07976150512695,110.26000213623048,36.87990188598633,20.44062232971191
2010-05-01,16743.162,217.29,2.003548929218568,9.6,0.2,9.816666666666666,2.91359502911801,Moderate Growth,-7.945467483558122,-7.392397218922375,5.1333259162822165,3.0513146883171416,-4.647972110328446,5.759603385604106,0.1533817208939694,0.1820565723062462,0.1113743018346039,0.1836094484440326,0.1093177345391143,0.0850704737713723,,,,,,
2010-06-01,16743.162,217.199,0.0940113827507582,9.4,0.18,9.816666666666666,1.563885510468399,Slow Growth,-8.718195204186141,-6.187694255235621,9.631348848469656,8.752041845560598,-3.066122801927418,7.142859142392988,37.03901880854486,40.102837918147834,23.135781458584574,34.93883987842574,30.321643959711658,16.081402232176085,81.47325897216797,39.40214538574219,63.67362594604492,119.91000366210938,35.74911880493164,21.90066719055176
2010-07-01,16872.266,217.605,2.936167797235534,9.4,0.18,9.716666666666669,2.347029332103956,Slow Growth,-3.98131336641363,-5.368284126417988,5.224974941076854,-2.3934639804276236,2.0772739063900314,-2.958582097578899,19.5705489674383,22.020892692423452,18.07447830628035,31.51379270086257,14.467294231524644,13.488752306436623,78.22955322265625,37.28692626953125,67.00055694580078,117.04000091552734,36.49172592163086,21.25271797180176
2010-08-01,16872.266,217.923,1.1501775395112546,9.5,0.19,9.616666666666667,3.344209253779229,Expansion,-4.498085152905496,-5.129868266713588,8.37161880452577,5.706125282865315,-0.9318044983871676,1.6006776894428087,0.1723639363504991,0.208703309771729,0.1452238822553421,0.1854932279463198,0.0971597464687683,0.1012495804314098,,,,,,
2010-09-01,16872.266,218.275,2.6167204960767965,9.5,0.19,9.65,3.707146257532279,Slow Growth,5.546893103214212,5.095102134687823,4.979573319978581,3.973001956173072,4.736983889023794,-2.723578859228315,19.65861385859462,18.940721677041942,18.618456541167635,26.07422910142805,13.479972216130436,13.38412594874588,82.56886291503906,39.18673324584961,70.33689880371094,121.69000244140624,38.220333099365234,20.67388343811035
2010-10-01,16960.864,219.035,2.822713146998912,9.4,0.19,9.583333333333334,4.251723123741291,Slow Growth,6.2360094270566435,9.751525592386011,-0.9432165357550648,5.933109602968067,2.6843976349083087,-5.34893725651161,19.090424503161024,18.08858086841635,15.992426226768202,25.005972334989508,7.835429458632182,14.222185207996432,87.71786499023438,43.00803756713867,69.67346954345703,128.91000366210938,39.24631881713867,19.568050384521484
2010-11-01,16960.864,219.59,2.234740909725774,9.8,0.19,9.566666666666666,4.251723123741291,Slow Growth,3.4202907172744768,6.549657765861983,-4.418762054133262,2.334958049280278,1.5129099033678095,-1.05960507613877,18.27294232894208,18.208408013271516,15.333686967458608,23.97587949923964,7.196206204459469,12.897832578457,90.71807098388672,45.82491683959961,66.59476470947266,131.9199981689453,39.84008026123047,19.360706329345703
2010-12-01,16960.864,220.472,2.6759684435047504,9.3,0.18,9.466666666666669,3.8868803005412063,Slow Growth,2.0923083858096714,1.857529934710089,-3.4589994923647893,2.6228068237509117,-0.1739494618740789,3.971445589446731,17.67278735226669,17.967085323861635,15.800711369659393,22.95246611900116,7.530048407448418,13.609113578332114,92.61617279052734,46.67612838745117,64.29125213623047,135.3800048828125,39.77077865600586,20.12960624694824
2011-01-01,16920.632,221.187,1.7007834915029774,9.1,0.17,9.433333333333332,2.037797199613345,Expansion,2.8681853350027264,3.031640103973121,-2.4121005063151957,-6.379762129208244,2.98471476942197,-1.5411701001412317,0.183897556554225,0.2160846119341418,0.1465253767901343,0.1354704743349766,0.0889723182706019,0.1220183663709087,,,,,,
2011-02-01,16920.632,221.898,2.7967071402430266,9.0,0.16,9.4,3.6404555330145305,Slow Growth,8.608853148845142,7.469654581894369,-5.0168373862243705,-3.3830711078930875,3.734435893862376,-4.978542618800141,17.70404572065022,17.85147213585747,16.599031452401945,23.907593748354447,7.498628133450525,14.41506905860062,100.58936309814452,50.16267395019531,61.06586456298828,130.8000030517578,41.2559928894043,19.127445220947266
2011-03-01,16920.632,223.046,3.019274025560148,9.0,0.14,9.333333333333334,2.532171296984731,Slow Growth,0.1453075513432766,-0.3680804122086933,2.4520225761413883,7.056571492499697,1.08142284829853,-0.0903244720685148,17.8538436224268,18.1815433689249,16.23743550848462,24.22962695758633,7.248739269678129,14.312485557460288,100.73552703857422,49.97803497314453,62.56321334838867,140.02999877929688,41.702144622802734,19.11016845703125
2011-04-01,17035.114,224.093,3.10379255292228,9.1,0.1,9.266666666666666,3.2258858127558687,Slow Growth,2.1373629190871934,1.2334214813911393,0.2251019187075931,-0.5927314420411167,0.0755673704466941,-1.5822969265508524,16.724807129765217,17.599166555197435,15.703143249334,16.176721737457516,6.867034176191943,13.863746448622049,102.88861083984376,50.59447479248047,62.704044342041016,139.1999969482422,41.73365783691406,18.807788848876953
2011-05-01,17035.114,224.806,3.4589718808965,9.0,0.09,9.083333333333334,1.7437088645501977,Stagflation,-1.1214189092314863,-1.218718974976063,3.415494219864157,-1.7916885312225903,0.1359142409265157,1.8615633933104725,0.1536764803793955,0.1877971560949317,0.1372154899020867,0.1562477612698983,0.0652714500992414,0.105449878928135,,,,,,
2011-06-01,17035.114,224.806,3.4632572567320663,9.1,0.09,9.216666666666669,2.728166867779769,Slow Growth,-0.9613063087914098,-0.643924868495438,6.753397675277539,7.693970509100967,1.2631912241682697,-1.7455153783231148,16.618419069147265,17.398099181118013,16.308189964825125,13.740452371789669,6.861911445593585,12.368367934644503,101.8995361328125,50.26868438720703,66.9386978149414,149.91000366210938,42.260833740234375,18.479496002197266
2011-07-01,17031.313,225.395,3.6999719350549576,9.0,0.07,9.083333333333334,2.7052454031940343,Slow Growth,2.058021697228307,1.6637812220312131,-3.779689709884748,-3.3220004433812567,0.5423424848155278,-0.8882521253376963,16.602703795678632,17.208289791089644,17.03762924509887,14.98542430659718,6.919077480114601,12.121332503194104,103.99665069580078,51.10504531860352,64.40862274169922,144.92999267578125,42.49003219604492,18.315351486206055
2011-08-01,17031.313,226.106,4.003164629742928,9.0,0.1,9.033333333333331,1.7210070594789515,Slow Growth,-3.838075851682432,-0.3108186151687286,5.637415132868129,8.824956317726485,0.0462449769973893,-0.2830299007999914,16.926898388331747,16.82163067636394,17.328202419367475,16.118670429210425,7.017154811119726,12.11968207287957,100.00518035888672,50.94620132446289,68.03960418701172,157.72000122070312,42.50968170166016,18.263513565063477
2011-09-01,17031.313,226.597,4.326907582447426,9.0,0.08,9.033333333333331,1.7210070594789515,Slow Growth,-6.087933829721792,-5.491072755632043,10.873262393605266,12.775801255725195,-3.006974908957205,0.094607596742513,15.404902372742468,16.474851179297364,18.000084447091897,18.038916103103777,6.977978483052193,8.556227623297357,93.91693115234376,48.14870834350586,75.43772888183594,177.8699951171875,41.23142623901367,18.280792236328125
2011-10-01,17222.583,226.75,3.5222681306640524,8.8,0.07,8.983333333333334,1.543075871606514,Stagflation,11.488544863444506,10.60677289817422,-3.783418311923381,5.87118747477946,8.480859453251854,-3.316905965399708,0.17717695394764,0.150219513402851,0.1860633135604577,0.2337524522174112,0.1157154234055542,0.1079427830392323,,,,,,
2011-11-01,17222.583,227.169,4.395119597435726,8.6,0.08,8.966666666666667,2.07628898216754,Slow Growth,1.39835644214239,3.63758373841645,10.179915115373795,-5.897560309406769,0.972265436383779,3.0245607445432254,14.29969731858291,14.558160223140732,19.706558768453203,19.55594974004824,6.916148569989775,9.461677132531063,95.230224609375,49.9001579284668,83.11722564697266,167.3800048828125,41.63230514526367,18.83370590209961
2011-12-01,17222.583,227.223,4.099415874470291,8.5,0.07,8.866666666666667,2.07628898216754,Slow Growth,2.434422452270524,0.6024450526705527,-1.8094990784665144,1.3442465852329777,-0.216316086108248,1.146786714502701,13.720301495977214,14.3892099123558,19.73998534455342,19.61454271138459,5.7710306238267615,9.469614456595725,97.54853057861328,50.20077896118164,81.61322021484375,169.6300048828125,41.5422477722168,19.0496883392334
2012-01-01,17367.01,227.842,3.0087663379855023,8.3,0.08,8.700000000000001,2.6380693108862374,Overheating,5.301138843628905,8.83333342339434,0.2379481206676192,11.395480912860869,2.7264787230597776,-1.557631082586619,0.173179899065201,0.1707955683446261,0.1637440382631496,0.2716161948802287,0.1214724737568552,0.0930814034611004,,,,,,
2012-02-01,17367.01,228.329,4.243157486246485,8.3,0.1,8.733333333333334,2.394606784182685,Slow Growth,6.673736444129275,7.878671408672133,2.4365423202016734,-0.0412706020182618,5.813811156623627,-0.1360397367795807,13.892074126045754,13.399516441710812,19.59275214336855,19.532765372028223,7.522059370272918,7.959043479580726,104.05866241455078,54.15593338012695,83.60176086425781,169.55999755859375,43.95743560791016,19.023773193359375
2012-03-01,17367.01,228.807,4.197367821849807,8.2,0.13,8.6,2.394606784182685,Slow Growth,3.9706647989097954,6.391337451158385,-2.3959353340299416,-1.7397953472031549,2.0884689970075865,-0.2724902185055167,13.985364185601068,13.341769191655985,19.002182007938455,19.97918064979473,7.589064156032564,7.906184221210536,108.19048309326172,57.61722183227539,81.59871673583984,166.61000061035156,44.87547302246094,18.971935272216797
2012-04-01,17444.525,229.187,2.2731633741348567,8.2,0.14,8.35,2.403335839137921,Moderate Growth,-0.2322236499365471,-1.0017386418636145,4.801601829672819,-0.1480324707643365,1.1184508541224547,-0.4564036012898231,0.1740189099899655,0.1821468394010857,0.1862390719450914,0.2636668115185308,0.1224645411207595,0.0812538114051763,,,,,,
2012-05-01,17444.525,228.713,3.7378896186363697,8.2,0.16,8.466666666666667,2.8516294924598284,Slow Growth,2.633282332244513,3.1785666970934656,0.8219960399453718,-3.17507548571736,0.0773557196819041,-0.5919818296574619,14.018560366638605,13.392400660066937,18.163213307342907,20.647499654010197,7.550052613210366,6.507510967176694,111.03944396972656,59.44862365722656,82.26945495605469,161.32000732421875,44.910186767578125,18.8596248626709
2012-06-01,17444.525,228.524,2.9860566566620728,8.2,0.16,8.333333333333334,3.09617867701395,Slow Growth,-8.938460352440769,-9.660545042703784,12.195436577304996,-2.3679687272399774,-4.134771479263966,4.993145645550734,15.36251426389733,16.49966224448271,18.84709574847005,20.402201512351965,8.52377582881219,6.700278261226531,101.11422729492188,53.705562591552734,92.30257415771484,157.5,43.053253173828125,19.801313400268555
2012-07-01,17469.65,228.59,1.4175114798464783,8.2,0.16,8.216666666666667,2.5737123144880414,Expansion,1.707226378241855,1.229675095461924,3.8082656303861873,0.8376847936764742,1.0732901887999136,1.0680834285490937,0.1854802219547413,0.19778410343634,0.19589937834531,0.2580732795112035,0.1346255824713261,0.0977031765631394,,,,,,
2012-08-01,17469.65,229.918,3.08097881154561,8.1,0.13,8.25,3.2446660384789494,Slow Growth,7.914251031671937,7.198305569072927,-0.7904923368051486,-1.4984130859375,7.232420757756941,-0.2181553867803165,17.220059454746014,17.670703014875354,19.341103392798225,19.740883129028315,10.947841121369745,6.709734730616917,109.11666107177734,57.57145309448242,91.57292938232422,155.13999938964844,46.16704559326172,19.758115768432617
2012-09-01,17469.65,231.015,1.9497168982819613,7.8,0.14,8.116666666666665,2.5737123144880414,Expansion,1.9906410549816789,0.6015261189055154,-2.5352320751261037,4.6705627280061,0.521127660788312,-1.704030023084402,0.1424819077801606,0.175512032075793,0.1402994487863641,0.2022973532103052,0.1094314733877003,0.0837817267405729,,,,,,
2012-10-01,17489.852,231.638,3.366905704328116,7.8,0.16,8.133333333333333,2.6694156552166115,Slow Growth,5.473195303164102,6.276506159450856,-2.976301810758908,11.054527500293831,1.05138528561326,-4.37255036541856,17.818993797521447,18.354361506618925,20.155399629878534,22.019933868983873,10.91148078363391,8.014698388364662,115.08882904052734,61.18492889404297,88.84744262695312,172.2899932861328,46.65243911743164,18.894182205200195
2012-11-01,17489.852,231.249,2.8660267074722023,7.7,0.16,8.033333333333333,2.6694156552166115,Slow Growth,-1.0529718978346758,-3.7972445365628382,-1.6637539315912608,-3.610184110683745,0.9599778636473656,0.2286393701267597,17.83057397504705,19.05612997544867,20.246295323101144,21.71430612033948,10.90703069540812,7.768186351566691,113.8769760131836,58.86158752441406,87.3692398071289,166.07000732421875,47.10029220581055,18.93738174438477
2012-12-01,17489.852,231.221,1.7595049796895523,7.9,0.16,7.916666666666667,1.551852007332477,Moderate Growth,0.1828923039584262,-1.0182279681283046,-2.8928477250827145,-2.426979045607558,0.3223820719056469,-0.5018209440748267,0.1037512030759225,0.1601891791241753,0.1344385251880345,0.1628233263741044,0.064595946494912,0.0697185933762716,,,,,,
2013-01-01,17662.4,231.679,1.684061762098299,8.0,0.14,7.883333333333333,1.700868485709428,Moderate Growth,5.864581167815119,3.243387880501225,-2.7814392307804026,-0.5061148639644464,1.4219112012947122,-0.8711569411600562,0.1062568291221115,0.1407722070465455,0.1378844052412893,0.1128157453657488,0.0618472319938545,0.0686218128829936,,,,,,
2013-02-01,17662.4,232.937,3.346125690454538,7.7,0.15,7.949999999999999,3.705451247358349,Slow Growth,6.639109537311305,3.289591873397457,-4.961341415887177,-2.7819655399646703,2.6490518916286065,-1.459857249359997,18.68044309960245,19.143880522955204,20.66943783646734,21.602689632104084,11.023507763672464,7.877972730589202,121.43739318847656,60.79789352416992,83.03455352783203,161.4499969482422,48.34800338745117,18.66092300415039
2013-03-01,17662.4,232.282,2.731462234527182,7.5,0.14,7.833333333333333,3.705451247358349,Slow Growth,0.5752450738020221,-0.4138838960426327,3.1291390043924228,-5.580671834713236,0.7990917568443834,3.888897633594168,17.823072459348577,19.15537376557485,20.377161328425274,20.750430134495296,10.968503079490198,8.675112907162486,122.13595581054688,60.546260833740234,85.63282012939453,152.44000244140625,48.73434829711914,19.386627197265625
2013-04-01,17709.671,231.797,2.294822967647403,7.6,0.15,7.733333333333333,3.983004716077976,Slow Growth,3.0465492181579235,1.8974990862747456,-0.2128551465088612,1.462867811482882,0.8523713942174993,0.3564873335526686,15.615417405291034,17.531542285882843,18.04437278456668,15.495085683395486,9.992917179112649,8.66481579529602,125.8568878173828,61.695125579833984,85.45054626464844,154.6699981689453,49.14974594116211,19.455738067626953
2013-05-01,17709.671,231.893,2.0795090879477396,7.5,0.11,7.633333333333333,2.8281936571302957,Slow Growth,1.4289919554150154,2.759109669587101,4.969744220045147,-8.767050959541766,1.7411408339957024,-1.5097726463936256,15.612952629361548,17.475237007988493,15.819013578539746,16.690121484765548,9.977172838230512,8.434915812874054,127.6553726196289,63.397361755371094,89.69721984863281,141.11000061035156,50.00551223754883,19.16200065612793
2013-06-01,17709.671,232.445,1.7157935271568725,7.5,0.09,7.633333333333333,1.5199382041070075,Moderate Growth,-1.8537932893763152,-2.7030845231849288,-3.2985579214032,-11.058839427335087,-1.715697315577902,-0.2211464777091998,0.0714997740717439,0.0991743551988239,0.1109611178242175,0.1668363746714594,0.0458321601749952,0.0552791386974284,,,,,,
2013-07-01,17860.45,232.9,2.498426655752284,7.3,0.09,7.55,3.703666285132745,Slow Growth,2.485344738195483,2.197597747863056,-10.548292332076247,-14.159168925315637,-3.5231177593107454,1.4878453560561278,15.6125657245875,17.395410748433477,19.364902013593166,20.716870560166587,11.109067660234636,8.484701947850189,130.8280487060547,64.79058074951172,80.2356948852539,121.12999725341795,48.24375915527344,19.447101593017575
2013-08-01,17860.45,233.456,2.2454440741211057,7.2,0.08,7.466666666666666,2.8412490117757816,Slow Growth,5.763518248946498,6.735403217364211,-4.3340500062139515,4.524067928003661,1.3299161875735876,-1.021775261816471,15.37636007235611,17.02668027242294,19.61764613883642,21.80645173316685,9.968136531976338,8.56873134136109,138.36834716796875,69.15448760986328,76.75823974609375,126.61000061035156,48.88536071777344,19.248395919799805
2013-09-01,17860.45,233.544,1.0947341081747997,7.2,0.08,7.383333333333333,2.237022493295515,Expansion,2.6642142892606024,4.518347554931568,0.6391882824002604,-4.783837969835158,0.7426353309902156,-2.5236552572163173,0.0963473813801805,0.1131251786461138,0.1002459801509183,0.1815371235234748,0.054101530445025,0.0586491758046206,,,,,,
2013-10-01,18016.147,233.669,2.124934988877092,7.2,0.09,7.383333333333334,3.7377591191575466,Slow Growth,-0.2898178980665022,4.41508626724183,0.9463906450902336,-1.5954539631332865,0.886773035732169,-3.007173318517198,15.51985768909958,16.601691445652623,19.561781301519343,21.81039591998951,9.887488534621156,9.125650600007551,137.9673309326172,72.20771789550781,77.48467254638672,124.58999633789062,49.31886291503906,18.66956329345703
2013-11-01,18016.147,234.1,2.3553536528312824,6.9,0.08,7.283333333333334,3.2767988810242787,Slow Growth,4.056945570845372,3.928179358248429,0.6378746269103397,1.8942135642666005,1.9002379522554904,0.6478394250726494,15.63411260361772,16.676189264038218,19.5512746362616,22.15160392048443,9.904778778938596,9.137271501844277,143.56459045410156,75.0441665649414,77.97892761230469,126.9499969482422,50.25603866577149,18.790512084960938
2013-12-01,18016.147,234.719,1.5128383667573295,6.7,0.09,7.083333333333333,3.0091449601746367,Expansion,2.0386401252617814,2.601236102624749,-2.2179611851842806,-3.794527189279151,-0.0968556084216754,-0.8294847702099317,0.0936960246567538,0.0884201730863954,0.1005335811389443,0.1849511560586103,0.0581929918548329,0.0591147781519128,,,,,,
2014-01-01,17953.974,235.288,1.557758795574915,6.6,0.07,6.966666666666666,1.6508175559380112,Moderate Growth,-3.001035530149576,-1.6098350584240806,6.967588831163973,3.418871423877423,1.3927606323975494,1.4405081609440318,0.0997601900479304,0.0978891142192377,0.1271990337715121,0.1937656057248659,0.0581426225394843,0.0603248148368651,,,,,,
2014-02-01,17953.974,235.547,1.1204746347724948,6.7,0.07,6.883333333333334,1.6508175559380112,Moderate Growth,4.551570259270443,4.717760507459734,0.2679093257640597,6.27030280482701,1.801574795680172,-2.0613931647201045,0.1036544772827087,0.0982200821054023,0.1265393975941413,0.2085280215195162,0.0595890450599062,0.0512421708857503,,,,,,
2014-03-01,17953.974,236.028,1.6126949139408042,6.7,0.08,6.8,1.6508175559380112,Moderate Growth,0.3864738441500925,-2.5526091891852287,0.7448964825816917,-3.1421423365686874,-0.0737529591090746,0.3741823667127608,0.1035205788579563,0.1110540948860782,0.1270729369222876,0.2076597919763652,0.0598745934910307,0.049694478035521,,,,,,
2014-04-01,18185.911,236.468,3.476221315923045,6.2,0.09,7.050000000000001,4.249963813861357,Slow Growth,7.88681775672575,8.767491149265227,3.0109323545762345,-2.804251787453904,3.909006605958143,-1.3333516044029436,10.79253144694029,12.0867868812741,14.703680748571642,22.168410157925987,8.547815924469068,7.389735219155099,154.88726806640625,81.6236572265625,80.32682037353516,123.38999938964844,52.220550537109375,18.539968490600582
2014-05-01,18185.911,236.918,3.0445637140197768,6.3,0.09,6.8500000000000005,4.100030624540274,Slow Growth,0.0425192686370534,-1.748671972793392,4.0799738084760895,0.3322827329098388,0.1301819288986427,-0.8853343055958196,10.265853022442723,12.489384254086872,15.583588590262172,22.272887195032897,6.08175525479384,7.389525279811626,154.953125,80.19632720947266,83.60413360595703,123.8000030517578,52.28853225708008,18.37582778930664
2014-06-01,18185.911,237.231,2.0589816945944195,6.1,0.1,6.433333333333333,2.6891521587272926,Moderate Growth,1.577779705643123,2.8474692906877097,-0.2668359935216968,6.319017654797743,0.6088871513382221,-0.9781162932148368,0.096327661062661,0.1026568545360002,0.0938176366533365,0.1665900419929337,0.0400048593075908,0.0440603722467089,,,,,,
2014-07-01,18406.941,237.498,2.529809444046305,6.2,0.09,6.666666666666667,5.243549230719613,Slow Growth,5.120842839316331,8.608263355167534,0.7502353725228117,3.150237318535365,1.957850388028115,0.0,10.17910245457314,13.371942189441032,15.424138505167784,18.415451586268237,6.1480069195407525,6.12853306093349,162.88803100585938,87.09983825683594,84.23136138916016,127.6999969482422,53.31226348876953,18.37582778930664
2014-08-01,18406.941,237.46,2.6858494523219534,6.1,0.09,6.483333333333333,5.243549230719613,Slow Growth,-2.2991504473523716,-0.2843728512177734,2.299849832972134,-2.599843206080787,-2.467090599327826,2.068624921192419,10.77587967287663,11.77472804588336,15.564387528155608,18.3663566133157,7.129819309934119,6.537176696046971,159.1429901123047,86.8521499633789,86.1685562133789,124.37999725341795,51.99700164794922,18.75595474243164
2014-09-01,18406.941,237.477,1.6840509711232077,5.9,0.09,6.133333333333333,3.059782928201682,Expansion,-1.8385082005692,-0.992147569286328,-2.077446071644218,-6.17632931388793,-1.97314061447178,3.86015148484522,0.0874174272717184,0.0958158940261908,0.0993741176064815,0.1478299911366555,0.0532590671886233,0.0558923587954023,,,,,,
2014-10-01,18500.031,237.43,1.9288477141888192,5.7,0.09,6.233333333333333,4.7424528942838995,Slow Growth,1.4329798999865195,2.9272344195325317,3.696825429852346,-6.118347626947251,0.470870832624759,5.2510382343172735,10.021312911944912,11.782193049531177,14.961865196927825,18.7715885117422,6.85676990200913,8.205619720667324,161.42347717285156,89.39451599121094,89.35405731201172,116.7699966430664,52.24184036254883,19.74083709716797
2014-11-01,18500.031,236.983,1.231524989320798,5.8,0.09,5.966666666666666,2.6858351011456394,Expansion,2.7471882669013237,4.546331994266706,2.972948612978321,-0.4881972606777029,-1.0924066551397438,1.6457186588787476,0.0792726530018852,0.0924291192454524,0.0927708685092975,0.1410366089667359,0.0511987848453802,0.0567766393738717,,,,,,
2014-12-01,18500.031,236.252,1.7091294202736362,5.6,0.12,6.016666666666667,4.7424528942838995,Slow Growth,5.870867976885252,7.818117048919393,3.249735416756505,-0.1627085873715406,-1.1472020393015314,2.23195738232429,10.34180463984154,11.815204786806136,14.983675863144285,18.589444057669155,7.087770965073006,7.603237784050362,170.9004364013672,96.38348388671876,92.25782775878906,116.58000183105467,51.642520904541016,20.18144416809082
2015-01-01,18666.621,234.747,-0.2299309782054281,5.7,0.11,5.8,3.9692994988184793,Expansion,-2.427372476523959,-1.717464521175727,10.297666360068014,8.689905756357286,1.600191727429956,4.839365404743834,0.0785280632444903,0.1028477211859042,0.1077886840383983,0.1603438193330995,0.0539042240123118,0.0683966513514975,,,,,,
2015-02-01,18666.621,235.342,-0.0870314629352053,5.5,0.11,5.7,3.9692994988184793,Expansion,5.620473096390888,7.220570183716135,-6.327756415751051,-5.90521949481233,1.8175810152932128,0.278556573199773,0.0841354597136729,0.1138492620228285,0.1377193225693372,0.1573069636693716,0.0539565459063686,0.0596805937942707,,,,,,
2015-03-01,18666.621,235.976,-0.0220312844238734,5.4,0.11,5.616666666666667,3.9692994988184793,Expansion,-2.007968714545827,-2.5830374939733947,1.0995301941695512,-2.1522037888980217,-0.9709647110134334,2.777784105115755,0.0899294314018429,0.1139738160644483,0.1374679282853547,0.1559275365117821,0.0551749125139256,0.060044875565248,,,,,,
2015-04-01,18782.243,236.222,1.908997959421388,5.4,0.12,5.883333333333333,6.056419681653047,Moderate Growth,0.9712564969106108,0.8338520733028432,9.64147947912486,-0.8406273301949208,2.394307425805575,10.916086540554382,10.511922507159186,12.067050140502774,17.370362481723703,18.25148445322536,7.334033204220669,13.011455291788122,172.56031799316406,97.18717956542967,101.15284729003906,115.5999984741211,52.87900161743164,22.38446807861328
2015-05-01,18782.243,237.001,2.2027400568365607,5.6,0.12,5.766666666666667,6.056419681653047,Moderate Growth,2.440482122375509,3.807695683281231,-5.960399465814126,-2.179927920700242,0.8883045218939012,-3.3963797262214435,10.4261966405653,12.003044940903251,18.418708359681663,16.82320053651404,7.242332672032423,13.570714565561248,176.77162170410156,100.88777160644533,95.1237335205078,113.08000183105467,53.34872817993164,21.62420654296875
2015-06-01,18782.243,237.657,2.0425075139544946,5.3,0.13,5.616666666666667,5.161084967064089,Moderate Growth,0.4033869936784118,1.2562953915140174,-2.1038641302438488,0.8135816714257116,0.3003421725586985,2.317233573531352,10.696961877634768,12.19269569231335,14.3088553981301,10.031138560046164,5.744692864316597,13.623153047552396,177.4846954345703,102.15522003173828,93.1224594116211,114.0,53.50895690917969,22.125289916992188
2015-07-01,18857.418,238.034,1.9609690905352697,5.2,0.13,5.466666666666666,5.58198701600463,Moderate Growth,-1.4466321464468024,-2.039285602525942,-4.338718474174497,-1.7719268798828125,-2.034996377000675,-1.4837986542096782,10.812411569689282,13.107094766912788,14.310870657514446,8.46889157033479,6.404454541182776,13.711020427507082,174.91714477539062,100.07198333740234,89.08213806152344,111.9800033569336,52.42005157470703,21.796995162963867
2015-08-01,18857.418,238.033,0.2413037985344868,5.1,0.14,5.333333333333333,2.4473213664345517,Expansion,-6.094998046038058,-6.824473405534171,-0.6877716654666743,3.707232801234017,-1.5285256125201374,-1.45499080956083,0.1123765970753413,0.1407951536842548,0.1583978665982869,0.1524465291493935,0.0474477138552602,0.0851605873524582,,,,,,
2015-09-01,18857.418,237.498,1.6386426954366984,5.0,0.14,5.3500000000000005,4.669538941928031,Moderate Growth,-7.580755048471788,-6.365809523555399,6.00412429619499,-2.4825918247476597,-2.3405422453655733,-1.268334181695452,14.378588749395174,16.100515481784377,15.039754920287294,8.583739951332689,7.02898401223485,13.243626842103197,161.6571044921875,93.70159149169922,94.43074035644533,109.1999969482422,51.193138122558594,21.520536422729492
2015-10-01,18892.206,237.733,1.5519008970525494,5.0,0.12,5.25,4.862632393041633,Moderate Growth,0.7086223235759359,1.4039394527854745,1.6693078077430146,-2.2618989563519154,-3.300520552424324,0.7225941351023168,14.092748414815173,16.01841215509998,14.992042818136383,8.007976554557725,7.657548222302666,13.24009575970327,162.80264282226562,95.01710510253906,96.007080078125,106.7300033569336,49.50349807739258,21.676042556762695
2015-11-01,18892.206,238.017,0.4363182169185187,5.1,0.12,5.116666666666666,2.119861312664817,Expansion,0.3655044737146617,0.6088609950179569,-0.8778140514809185,-6.752062833262462,-2.478901329929173,3.287122926525421,0.1430277394879799,0.1775708675988174,0.1534889641775602,0.1567277784272203,0.0655955880928014,0.0835762607037575,,,,,,
2015-12-01,18892.206,237.761,0.5467970296192393,5.0,0.24,5.183333333333334,3.883748248850427,Disinflation,9.654888909758474,12.658973981382182,-0.3644753906597686,-4.169403576944264,2.0249371101048075,3.4675118256527027,15.093032050885082,18.12445455701761,15.082504720409675,8.375119710109827,6.759765082701661,13.083054864866783,178.52105712890625,107.04529571533205,95.65715789794922,102.27999877929688,50.50591278076172,22.427661895751953
2016-01-01,19001.69,237.652,1.2375025026943876,4.8,0.34,5.0,1.7950168913805964,Moderate Growth,-4.413145043747823,-6.626137661170118,6.018746932573227,5.410997351969948,-0.6052089644146053,0.8187110140942533,0.1502363550615723,0.1903648667250752,0.1216230672261975,0.1354853613740193,0.0651188658938247,0.0727932943024827,,,,,,
2016-02-01,19001.69,237.336,0.1764323521218358,4.9,0.38,5.066666666666666,4.485774729679459,Disinflation,-7.536311634390225,-9.057904054419208,3.5385458975631945,5.641380857768308,-4.811756532678457,-1.040051353253124,17.482698546794786,21.17032427770304,14.992958733122713,10.94689196242924,8.118305319434798,13.116785914942788,165.06715393066406,97.34923553466795,99.04203033447266,108.0500030517578,48.07569122314453,22.19440269470215
2016-03-01,19001.69,238.08,0.2450546951974441,5.0,0.36,5.016666666666667,3.231112654731705,Disinflation,2.30312129749366,1.3216707306149322,1.5817496668563358,8.9958290761478,3.717496985182755,-0.7395933693122525,16.913549542261077,19.824112410863194,14.970220441200228,14.421559359341142,8.893835714266087,13.238496498002794,168.8688507080078,98.63587188720705,100.60862731933594,117.7699966430664,49.8629035949707,22.030254364013672
2016-04-01,19062.709,238.992,0.6451612903225712,5.1,0.37,5.0,3.5626126035825267,Disinflation,4.985728277131196,4.629327323618737,1.9626943982751444,-0.7132515596790401,1.024805487397118,-3.803917473968843,17.206800013152282,20.03329882647534,14.956230599909093,14.25787715393476,8.746496112312805,14.268029136309298,177.28819274902344,103.2020492553711,102.58326721191406,116.93000030517578,50.3739013671875,21.192241668701172
2016-05-01,19062.709,239.557,1.0784764621246223,4.8,0.37,4.933333333333334,1.493250832714721,Moderate Growth,1.7011446415721163,4.370053660279827,0.8113220615716843,-6.1382967032933,0.1786059462520528,3.0705372904350936,0.1509796154909613,0.1920840746164129,0.0946513408060786,0.1887147554836656,0.0775643425294769,0.0740558906734636,,,,,,
2016-06-01,19062.709,240.222,1.1759255359474308,4.9,0.38,4.983333333333333,3.041497606139143,Expansion,1.6189939045985868,-0.0090560297670405,0.2075742049892914,-0.8466585659674619,3.3869268022575394,0.6930260345799244,17.21270663973288,20.03618860653788,14.815718916524784,12.873900322510645,9.4600388729035,13.529590443341712,180.15847778320312,103.19270324707033,102.79620361328124,115.94000244140624,52.08002853393555,21.339109420776367
2016-07-01,19197.938,240.101,1.6291925571000343,4.8,0.39,4.95,3.7724639488441847,Expansion,0.3527184944760231,-1.7962210238099965,7.98078984071493,10.755564048746002,1.8331778425100695,0.2429155442798203,16.385325613522056,18.928957261800747,16.200456412695313,16.763851738493692,9.532041838836834,13.432649155856977,180.79393005371097,101.3391342163086,111.00015258789062,128.41000366210938,53.03474807739258,21.390945434570312
2016-08-01,19197.938,240.545,1.830058165623849,4.9,0.4,4.933333333333334,2.2132340636845216,Expansion,3.3441332839206472,7.179868164080516,-0.3875864560425102,0.6307900751448603,0.5455399046849774,-0.0807667149115065,16.61840856625912,20.061339713682592,13.71877920560718,16.66032028710454,9.25505538946624,7.2599247740744115,186.8399200439453,108.61515045166016,110.56993103027344,129.22000122070312,53.324073791503906,21.373668670654297
2016-09-01,19197.938,241.176,1.761595942633143,5.0,0.4,4.95,2.2132340636845216,Expansion,0.2074523258597471,0.7769166443354125,0.1819339523241536,-3.041325079747892,2.746043126250397,-0.0404249239556286,16.523396408279517,19.83991031079625,11.624202059661556,16.862654530686,9.606823024596224,6.4627049898964195,187.22752380371097,109.45899963378906,110.7710952758789,125.29000091552734,54.78837585449219,21.365028381347656
2016-10-01,19304.352,241.741,1.685924966243646,4.9,0.4,4.883333333333334,2.1815663030564147,Expansion,-1.2373507610511814,-1.210318390797105,-4.378746279695333,-2.94491958469959,-0.997324761437124,2.9983770144526467,0.0959086044633754,0.1426029791156153,0.1115576872991312,0.1953233037322578,0.0643451454218493,0.0759290447509254,,,,,,
2016-11-01,19304.352,242.026,1.8383636922118864,4.7,0.41,4.8999999999999995,2.7798011132110334,Expansion,-2.4445680869408237,-0.2904437928181513,-5.919613273348457,-2.043257674105803,-0.5026512200848265,2.2644523537534766,16.800582133611133,19.86392361477659,13.351048305144582,17.130058922206885,9.636441271948616,6.441487726629832,182.6506195068359,109.14108276367188,104.21387481689452,122.7300033569336,54.51298141479492,21.84882926940918
2016-12-01,19304.352,242.637,1.9337573623936064,4.7,0.54,4.833333333333333,2.370069963979149,Expansion,4.056735602631578,-0.5512207329570806,-9.189787841023112,-9.117576904860467,-0.0595510883608652,3.242387066907182,17.058911383663116,19.694998229005563,16.074569063769303,19.682642282514557,9.336512862517548,7.031749059904659,190.06027221679688,108.53947448730467,94.6368408203125,111.54000091552734,54.48051834106445,22.557252883911133
2017-01-01,19398.343,243.618,2.5103933482571117,4.7,0.65,4.816666666666666,2.0874616941966906,Moderate Growth,2.389423930125667,5.4510316976591255,1.282841189966466,5.419215772584596,1.6997067080039896,-2.758875260126614,0.0765476968442997,0.1229434171499762,0.1295389747122947,0.2044631680307944,0.0394148306988183,0.0792937177550914,,,,,,
2017-02-01,19398.343,244.006,2.740233601967179,4.6,0.66,4.783333333333333,2.8684998126466743,Expansion,4.2772798834919135,8.946847450593221,0.7916406003108722,3.2813304668041887,3.6339056981918416,-1.3787768263078926,14.650575361888306,19.548131175518208,14.972112846201924,19.69762137563499,9.366079007168672,7.0595189683547765,198.1896820068359,118.25033569335938,95.38602447509766,115.1999969482422,56.46028900146485,22.246238708496097
2017-03-01,19398.343,243.892,2.5907215237261916,4.4,0.79,4.716666666666667,2.679078345853325,Expansion,5.342201548301095,4.7915494033669015,0.5038617671099033,3.3506950630266097,1.5299790023813653,2.0970835695415913,15.004532034007832,19.709206612376818,14.89002039244233,19.60974114843556,8.202439454308177,7.280521763299094,208.77737426757812,123.9163589477539,95.86663818359376,119.05999755859376,57.324119567871094,22.71276092529297
2017-04-01,19506.949,244.193,2.176223471915395,4.4,0.9,4.583333333333333,2.3304137937582903,Moderate Growth,1.4319948110200542,2.9406730587978824,1.5538458320796922,1.726748147982482,0.8257911980068089,-1.4643578293939474,0.0644080925349943,0.0982773894151703,0.1277786308262875,0.1677338582577543,0.0316464400804058,0.0661008626746872,,,,,,
2017-05-01,19506.949,244.004,2.6257460222660622,4.4,0.91,4.633333333333334,3.253950332745692,Expansion,-0.0256679476765442,4.599289556405273,1.774280422670671,0.5123472390895722,0.3530470865646506,-2.6625987107185223,12.687576809281753,16.514147064673672,14.97468377294581,18.789366517241028,8.201790938014836,7.049465964496432,208.72378540039065,129.61563110351562,97.5675811767578,119.66999816894533,57.5265007019043,22.10801124572754
2017-06-01,19506.949,244.163,2.8765126234536753,4.3,1.04,4.516666666666667,2.659021381782356,Expansion,1.9607685459424264,3.381933465105025,2.752757230041225,0.8774154490045483,1.2735683620677565,-1.875736834681152,8.15782555126092,11.625974698119382,14.806225160654114,18.225671017818748,5.058834762336828,7.218476106540842,212.81637573242188,133.9991455078125,100.25337982177734,120.72000122070312,58.25914001464844,21.693323135375977
2017-07-01,19660.766,244.243,1.7251073506566073,4.3,1.15,4.4,2.410821412174591,Expansion,2.553088066234688,4.344822824836947,-0.6532037561431725,2.313170169958645,1.0178501199550771,-2.747480997034313,0.0575369591017443,0.0832634996958311,0.1006251494118884,0.1249389528789771,0.0298470858690797,0.0707072463153063,,,,,,
2017-08-01,19660.766,245.183,2.9834509408602106,4.4,1.16,4.466666666666666,3.468512537569035,Expansion,2.122816056689514,1.488401879894807,0.8208038546130725,-0.0579851674257669,0.9596665436551576,-3.982477237316162,8.156485490885387,11.604830281410065,14.747447326183076,16.039185788933096,4.538482707913051,8.164045222673469,217.3340759277344,135.99359130859375,101.07626342773438,120.6500015258789,58.818233489990234,20.829391479492188
2017-09-01,19660.766,246.435,3.114330186784509,4.3,1.15,4.3999999999999995,3.1373137994185507,Moderate Growth,0.2102405876879043,1.699617480035842,1.9022411080451995,4.484041412593309,0.0681309049892053,-0.1244437118839592,7.732151413378019,11.459531139032435,14.739343332485667,16.516318505506845,4.720492705531903,7.293014375407366,217.79100036621097,138.30496215820312,102.9989776611328,126.05999755859376,58.858306884765625,20.803470611572266
2017-10-01,19882.352,246.626,2.020757753132485,4.2,1.15,4.316666666666666,2.9941434967617697,Moderate Growth,2.864354647944345,4.835369129766298,-0.0350373228700906,-0.7484813689786485,0.091268755017082,1.6542543643320418,0.0468009973840342,0.0845103341522997,0.1021024479187667,0.1303398885777731,0.0216030411359256,0.0651320282409285,,,,,,
2017-11-01,19882.352,247.284,2.939780702849859,4.2,1.16,4.333333333333333,4.29971941553533,Expansion,4.409257633440555,4.406112387595962,-1.1698496372149705,-3.926699225851882,0.4875771840580301,2.284054016637005,8.170830478253373,11.245888399782878,14.794494486967002,17.113881092989768,4.192389947625448,7.654381003657828,227.3939666748047,144.39883422851562,101.7940444946289,121.11000061035156,59.145286560058594,21.27863311767578
2017-12-01,19882.352,247.805,3.2086496932540953,4.1,1.3,4.283333333333333,3.565039120347202,Moderate Growth,2.706896451069829,1.571329814202671,1.6500467796187746,0.3963303815705199,-0.3046260776330523,-1.8676365607721344,7.9952130503555345,10.168969064943632,12.197057383844502,12.955607406468044,4.312505174179464,7.86891932975343,233.54928588867188,146.66781616210938,103.47369384765624,121.58999633789062,58.96511459350586,20.8812255859375
2018-01-01,20044.077,248.859,2.151318868063945,4.0,1.41,4.2,3.328810094759116,Moderate Growth,6.175825655644429,8.984486889867082,-2.852956007869001,3.234937283169237,0.8892860261635827,-3.154764026634904,0.0640464149099921,0.1025068508589507,0.0622188438030806,0.0802678034878963,0.0186788796033273,0.0528418624282777,,,,,,
2018-02-01,20044.077,249.529,3.734852106674435,4.1,1.42,4.233333333333333,4.407447299808975,Moderate Growth,7.017810011129044,8.946359049115781,-4.221978478310473,5.329394836332257,0.1345767460414038,-4.212672966637243,9.313708365839208,11.045174762537306,12.740826354464405,14.155104329557412,4.36797821980271,8.838796669709803,249.9393310546875,159.78924560546875,99.10505676269533,128.07000732421875,59.04446792602539,20.001567840576172
2018-03-01,20044.077,249.577,3.483348260191721,4.0,1.51,4.183333333333334,4.407447299808975,Moderate Growth,-4.929345646868411,-2.071944971460893,-0.9439489055264484,-2.6157616240583437,-1.3383573608556576,2.0752329023889793,11.77613809765758,12.078119264293765,12.69161055181821,14.06132094263173,4.353618290680565,9.20980470631254,237.61895751953125,156.47850036621094,98.1695556640625,124.72000122070312,58.254241943359375,20.41664695739746
2018-04-01,20150.476,250.227,2.4709963021052994,4.0,1.69,4.066666666666666,3.2989628465220244,Moderate Growth,0.9194062802278636,0.6689159965050484,-2.099908254562344,-0.9539745360543916,0.4676436358109326,2.2024432832598473,0.0917344466416543,0.1256972837237849,0.0780976518763445,0.0803851074413486,0.023185942599724,0.0618152925466295,,,,,,
2018-05-01,20150.476,250.792,3.621924917157648,3.8,1.7,4.083333333333333,4.383073827083139,Moderate Growth,-0.6196140964550678,-0.8729714114368847,-0.331282135773836,-0.80981568821763,0.9900202999148844,2.8801303562722147,11.13899163742942,12.26782653330232,11.46997985500185,13.915385586838378,4.2252619306026835,9.418331044985988,236.14663696289065,155.11248779296875,97.8443374633789,123.70999908447266,58.83097076416016,21.00467300415039
2018-06-01,20150.476,251.018,3.4541310682212556,4.0,1.82,4.033333333333333,4.383073827083139,Moderate Growth,3.253053448974818,6.1186752935334265,1.8321899235792083,-0.9861783442986604,0.2047764175584276,2.099614456229637,11.022076973439423,11.95413378037488,6.587405558406035,9.7714740284785,4.18532702075433,9.010774985120758,243.82861328125,164.6033172607422,99.63703155517578,122.48999786376952,58.95144271850586,21.445690155029297
2018-07-01,20276.154,251.214,2.854124785561929,3.8,1.91,3.95,3.130030640718684,Moderate Growth,4.170370308373528,3.0164343704258023,-1.4310785507549606,-2.2418909632539785,1.6796451892427289,0.1603846472227443,0.0967198065826003,0.1203130435675132,0.0793250471975194,0.0865021037828498,0.0251006823924887,0.0578414847656067,,,,,,
2018-08-01,20276.154,251.663,3.138037589239606,3.8,1.91,3.966666666666667,4.525185475893467,Moderate Growth,3.114461531837698,2.755082923729013,-1.0858887602056,-6.0004886948365925,1.6375942512916186,0.8467928491269427,10.836308644781822,10.430137619665311,6.7458230052569235,11.479574421770026,2.9283684059064443,9.018934054241043,251.4225616455078,169.13827514648438,98.55508422851562,115.13999938964844,59.91682815551758,21.627290725708008
2018-09-01,20276.154,252.182,2.332055105808828,3.7,1.95,3.85,3.130030640718684,Moderate Growth,0.1412130719211424,-0.4607677033163226,-2.865957702185462,-0.6607347245927042,0.520985755433756,0.2778853568794481,0.0987827381940452,0.1264091388206202,0.0737298909333907,0.0671188750325521,0.0256054344503269,0.0577413097714721,,,,,,
2018-10-01,20304.874,252.772,3.6409558329096425,3.8,2.19,3.9166666666666665,4.673239358640058,Moderate Growth,4.3404688980167805,5.2986897371372965,-1.5099383703679805,-2.232065058578825,1.4379152212504742,1.1595451386987143,10.546414624107618,10.533389071944493,6.973022916264917,11.076826856336304,2.8942807945224236,8.804209539806106,262.3354797363281,178.1003875732422,97.06696319580078,112.56999969482422,60.77838134765625,21.878068923950195
2018-11-01,20304.874,252.594,3.5204340912444065,3.8,2.2,3.866666666666666,4.09046540286746,Moderate Growth,-6.245508921432696,-7.579103712161439,-2.1220000910179837,3.6066425953631858,-1.8112951185637935,1.3833770007678048,13.30061818133952,14.8221067810047,7.054211763479156,11.771120716367722,3.703695270531661,8.536175570292302,245.9512939453125,164.6019744873047,95.0072021484375,116.62999725341795,59.67750549316406,22.18072509765625
2018-12-01,20304.874,252.767,2.0023809043401064,3.9,2.27,3.7999999999999994,2.125110751484538,Moderate Growth,-9.334279763367936,-8.92131258787694,5.614185090151658,4.942010593064916,-2.5107968436100303,-1.813291611574419,0.1574109359667441,0.1889045717486208,0.0995019649943498,0.087029606680286,0.0423848442569076,0.0590804379233927,,,,,,
2019-01-01,20431.641,252.561,1.4875893578291333,4.0,2.4,3.8333333333333335,1.9335587266003704,Moderate Growth,8.63725934266537,9.322593808602786,0.8501532382687804,2.8865979381443196,5.919953578492421,0.8371515216174075,0.1698848822700301,0.1906574080367009,0.0951288888509333,0.0856166010345885,0.0740975000650538,0.0435904883829272,,,,,,
2019-02-01,20431.641,253.319,3.7499539242227486,3.8,2.4,3.8333333333333326,4.740321000480385,Moderate Growth,-0.6847775969521908,-2.400875840277805,7.400433509486692,6.747837547729518,1.8257873575341588,0.0508896312419127,13.450982042328215,15.39158009964769,10.066160109864564,13.65008231787426,3.896317357383887,8.27406865957092,244.26707458496097,160.65008544921875,102.03814697265624,124.5,60.76708984375,22.19201278686523
2019-03-01,20431.641,254.277,3.7090662892614863,3.8,2.41,3.8333333333333335,3.9208797866777,Moderate Growth,3.836194341093458,4.144537555882377,-1.6942139367732478,-2.104419876772723,1.5506856112044165,1.378512396125986,13.682916068285428,15.595899918690154,10.20609714855076,13.86491140353619,4.038179554608085,6.9348163762298185,253.63763427734375,167.30828857421875,100.30940246582033,121.87999725341795,61.70939636230469,22.49793243408203
2019-04-01,20602.275,255.233,3.570109765252494,3.7,2.42,3.783333333333333,4.788770691843847,Moderate Growth,2.378237168696984,4.576716806892223,5.0430590654494845,-0.2871664604597534,0.9799064682221692,1.0489516418100695,13.654622031691458,15.832318425656396,11.279744282351723,13.036881115052337,4.057623465903201,6.888623086315675,259.66973876953125,174.96551513671875,105.3680648803711,121.52999877929688,62.314090728759766,22.733924865722656
2019-05-01,20602.275,255.296,3.239999352970679,3.6,2.39,3.75,3.620914668445674,Moderate Growth,2.092137393760707,3.784847041914996,-0.1688098802075543,-0.9298093184959888,0.679486987202238,0.73048992526632,13.317396072372873,15.744448145558378,11.187562359096717,12.443344199530078,4.062401296945889,6.686006481365674,265.1023864746094,181.5876922607422,105.19019317626952,120.4000015258789,62.73750686645508,22.899993896484375
2019-06-01,20602.275,255.213,1.671194894390049,3.6,2.38,3.75,2.242125694698238,Expansion,6.440984335700439,7.352673315670644,0.9548077335765016,8.00291491984899,3.119669718916196,-1.3297950399886127,0.1923759282371398,0.2206283259022848,0.1187722317422192,0.1073414314122287,0.0810878838526929,0.038068692422634,,,,,,
2019-07-01,20843.322,255.802,3.227134238615026,3.7,2.4,3.733333333333333,4.83328129388314,Moderate Growth,1.8121476365206224,0.396150390264105,7.160063736043609,8.488366662613277,1.5231243137878048,-0.1526795506851752,13.24818748079968,15.824847354904238,13.095945383061444,15.071388671067549,4.0791627328061235,6.188228207269253,269.90643310546875,182.3070526123047,112.7218780517578,130.6199951171875,63.693077087402344,22.86503028869629
2019-08-01,20843.322,256.036,2.6077129311623093,3.6,2.13,3.7000000000000006,3.987437286336504,Expansion,-0.2773765774859993,0.4702672277242303,2.4873022647797116,4.432712265627692,0.0770928104725454,1.873094791472818,11.722363020280492,13.87140854733645,11.970795351991026,14.793995903477306,4.087501163642511,3.0194862704721497,269.15777587890625,183.1643829345703,115.5256118774414,136.41000366210938,63.74217987060547,23.29331398010254
2019-09-01,20843.322,256.43,1.6844977040391562,3.5,2.04,3.616666666666667,2.797216868642849,Expansion,1.4771947216197343,0.7147469747768698,-2.658438857697809,-3.39478600543478,0.4354993811336971,0.8559743105377882,0.1893786952952165,0.2149569307910036,0.1519681696076011,0.1247866848492157,0.0804636963166223,0.0451202067849923,,,,,,
2019-10-01,20985.448,257.155,3.0363374830212564,3.6,1.83,3.6666666666666665,4.696504608318941,Moderate Growth,-0.0833695965945513,-1.315984915186874,6.28761803210145,2.360531584383762,0.9488420748993144,1.350839576643592,10.083088799576592,13.69527521341703,12.632362192043722,14.443396795059172,3.4690821717816407,2.8960351006296343,268.9333801269531,180.75396728515625,122.78942108154295,139.6300048828125,64.34699249267578,23.607969284057617
2019-11-01,20985.448,257.879,2.825847714440654,3.6,1.55,3.6333333333333337,4.143683752185323,Expansion,4.399148972772382,6.194240163594267,-1.71352448435792,2.0983976031801355,0.649400308675907,-1.592001535058929,10.40605308616699,14.292934589441709,12.974650756353524,14.332985781680222,3.4694133423365185,3.492310746740564,280.76416015625,191.95030212402344,120.68539428710938,142.55999755859375,64.76486206054688,23.23213005065918
2019-12-01,20985.448,258.63,2.3195274699624457,3.6,1.55,3.6,3.3517765241980912,Moderate Growth,2.4020721317262073,3.661631112900765,-3.349654161861626,3.655877893383952,1.5726232722968136,-3.4931372379678804,0.1312075653833477,0.1570419222736494,0.1516297229696755,0.131375970204415,0.0658381027249369,0.0593127497496582,,,,,,
2020-01-01,20693.238,259.127,2.599767976845202,3.6,1.55,3.5833333333333335,1.2803523711091058,Moderate Growth,0.4510317912729489,3.2618275218150306,8.048911294228667,4.499655849690343,0.2826618113581869,3.219566964991327,0.1127453322105587,0.1407721244554482,0.1661940621083239,0.1342683663047959,0.0403454140519532,0.0661784602755223,,,,,,
2020-02-01,20693.238,259.25,2.3413166797595197,3.5,1.58,3.5666666666666664,1.2803523711091058,Moderate Growth,-7.916544593577424,-6.0574277768862705,6.449682704457138,-0.6361728631845698,-1.7023341553967564,0.9512903303799723,0.1461629004504926,0.1636732465504795,0.1677075058443951,0.1343165068899371,0.0467318590388224,0.0661510072025093,,,,,,
2020-03-01,20693.238,258.076,1.4940399642909163,4.4,0.65,3.716666666666667,1.2803523711091058,Moderate Growth,-12.998721776274069,-7.48301705204738,6.396252088587828,-0.2224031676743232,-10.049233673420376,1.1307977394689583,0.2001831270076018,0.1849314351636992,0.1695316352678388,0.1314482926197724,0.1139562016945252,0.0655855133953737,,,,,,
2020-04-01,19056.617,256.032,1.9974663171565377,14.8,0.05,5.483333333333334,-5.428452409759455,Recession,-18.72519043312667,-7.932490994387365,19.78094476357899,4.833052404351057,-12.264544355779217,3.613753555220645,22.516778584351613,16.476635465592388,22.152375997525297,14.51553100262156,13.562763439784163,4.315467836579244,228.19053649902344,176.72386169433594,144.55810546875,149.4499969482422,56.821746826171875,24.07168197631836
2020-05-01,19056.617,255.802,1.6446597235191485,13.2,0.05,7.083333333333333,-6.014636700826004,Recession,14.88521832106906,16.69136207532955,0.6752440424921069,6.912012072259999,5.983741376578666,-0.666677548438277,27.09601517585761,22.982758747617453,21.83785312146859,12.611462666431622,14.850985124827629,4.618970592827883,262.1571960449219,206.2214813232422,145.5342254638672,159.77999877929688,60.2218132019043,23.91120147705078
2020-06-01,19056.617,257.042,1.6892693811023207,11.0,0.08,8.299999999999999,-6.147573237834425,Recession,8.048422145410083,10.021612392989642,-3.251842602816124,2.4283420405904144,5.5457643154366965,-1.3795555901571444,27.88992893619557,24.206201740244904,22.334906066246692,11.372124889810374,15.783961273289853,5.104603194933049,283.2567138671875,226.88819885253903,140.8016815185547,163.66000366210938,63.56157302856445,23.58133316040039
2020-07-01,20548.793,258.352,2.2795474160114626,10.2,0.09,9.4,1.2012830022978704,Slow Growth,2.0737670759714,7.205657007756572,0.8205510892943968,1.808622381060987,-1.0226868643766318,-0.7183455050022602,26.765619286418627,22.07549832146891,21.738093314256673,11.446564125325402,15.67875183790221,5.200935462906384,289.13079833984375,243.2369842529297,141.95703125,166.6199951171875,62.91153717041016,23.411937713623047
2020-08-01,20548.793,259.316,1.2810698495523851,8.4,0.1,10.333333333333334,-1.4130616990899902,Recession,6.979669356955753,10.944694895533956,-5.040842088758069,-0.3235673129619476,-0.0013015919967496,-1.5031749612957168,0.2358666605910402,0.2197013435519771,0.1490429921349846,0.1432954154555897,0.1336303187261187,0.072036675323887,,,,,,
2020-09-01,20548.793,259.997,2.636201785101,7.8,0.09,10.1,0.5733851725370664,Recession,13.551464508280242,19.73332043559477,0.4941796971739798,11.061102193412076,5.281095268569103,-4.98857070512615,29.097531008865538,26.323760122311256,21.505971249178504,13.574967042337608,16.354140466240604,7.547182281580466,328.312255859375,291.2357177734375,142.65855407714844,185.0500030517578,66.23395538330078,22.244016647338867
2020-10-01,20771.691,260.319,2.37614884555033,6.9,0.09,10.65,1.6643303393985898,Slow Growth,-4.030289262005981,-5.891569840426891,-0.2018339183878614,-3.4315082403643893,-1.1295160686325745,1.4428836373292953,29.855022640580906,28.629364311524515,21.20072430279367,14.214484128055636,16.44424944016316,7.559886557240576,315.080322265625,274.0773620605469,142.37062072753906,178.6999969482422,65.48583221435547,22.564971923828125
2020-11-01,20771.691,260.911,1.1757452138405844,6.7,0.09,8.5,-1.0185963149321409,Recession,10.877737809784072,11.225775490783096,1.6601348912731906,-5.408625961608992,3.348690106586183,-2.1679139061148045,0.2638619390113314,0.2613407168893755,0.1485415765545375,0.1584937742424285,0.1378258799192947,0.0734019605156255,,,,,,
2020-12-01,20771.691,262.045,2.6689338761053616,6.7,0.09,9.3,0.8223169528607688,Recession,8.598368239125541,7.514591691518291,-3.385256432172634,-4.767769679889044,3.678653077425742,-2.8052133528263745,30.54084277435567,28.78886145188189,22.025043262728936,16.041735901287527,16.730455970635685,7.973687997784772,342.1720886230469,294.67315673828125,137.55101013183594,170.17999267578125,67.89482879638672,21.931976318359375
2021-01-01,21058.379,262.639,1.3553199782346148,6.4,0.09,7.1499999999999995,1.7645426008244811,Moderate Growth,-0.5971395316242023,0.4430985480027516,-3.4338430450408852,-3.223816988295236,0.4322641435938301,0.742577621721674,0.2650247552482692,0.2635285532324083,0.1309894679638594,0.1714294347348013,0.1378136247627019,0.0585298339649447,,,,,,
2021-02-01,21058.379,263.573,3.2421189521183225,6.2,0.08,8.133333333333333,2.213852596375876,Slow Growth,3.2276353770570587,6.440561939135336,-3.279367573042802,2.379835013551612,1.637163532402286,-0.2438977301030931,30.537484385437743,28.815287547796473,22.634402806624525,15.502855356228425,16.748506510064175,7.898920437589001,353.2161560058594,313.6517639160156,133.0402069091797,174.22999572753906,69.00637817382812,21.87848472595215
2021-03-01,21058.379,264.847,3.535937952009749,6.1,0.07,7.316666666666666,1.031778907412173,Slow Growth,3.548352899430429,0.3628715687620465,-7.085697396341272,-7.289213832101815,0.5526819597196253,0.0,30.526188611189554,28.821056957944393,23.65858562184402,17.544490996896787,16.737799989883044,7.904671324209085,365.74951171875,314.7899169921875,123.6133804321289,161.52999877929688,69.38776397705078,21.87848472595215
2021-04-01,21389.005,266.625,4.135746535643414,6.1,0.07,6.633333333333334,2.6180231730815295,Slow Growth,3.1680500764296404,0.4295380064597065,-2.383335206529613,0.2785841339954631,0.3038661792522434,1.9152309633989617,30.32446513743451,28.82800319600328,23.818423556774995,17.381895753649783,16.728232797715535,7.917658731082504,377.3366394042969,316.1420593261719,120.6672592163086,161.97999572753906,69.5986099243164,22.297508239746097
2021-05-01,21389.005,268.404,4.9264665639830785,5.8,0.06,6.216666666666666,12.239255267606008,Overheating,0.6566148801224747,-1.2012365427913951,-0.007697965973008,7.678377966625938,0.0400132017526866,-1.464603266876563,0.1461092838768114,0.1874988034502261,0.1161713165986841,0.1906112095204719,0.0602998007807996,0.06516300801672,,,,,,
2021-06-01,21389.005,270.71,5.271139973945682,5.9,0.08,6.316666666666666,1.92303256999804,Slow Growth,4.757740404496169,2.541821426320179,0.8013227534804823,9.82837300213526,0.7658048092235026,-3.3186784685717785,30.13468027913734,28.1630568205824,22.997699212340574,19.261557184153503,16.72801899410277,8.202106367384586,395.2893371582031,324.1778259277344,121.63419342041016,177.89999389648438,70.13159942626953,21.557525634765625
2021-07-01,21571.421,271.965,5.462251676173691,5.4,0.1,6.066666666666666,2.7922825378805305,Slow Growth,2.899464295130305,6.658652979447055,4.448311175733655,-6.576727009361294,1.2193045714729012,2.9776722579512693,30.129980033567698,28.18339776574093,23.289512246153212,21.160767701758058,16.730948204796658,8.918879745182823,406.7506103515625,345.7637023925781,127.04486083984376,166.1999969482422,70.9867172241211,22.199438095092773
2021-08-01,21571.421,272.752,5.181323173271246,5.1,0.09,5.733333333333333,4.976584269450757,Overheating,2.975978627108633,4.218661174471228,-0.3316938173022921,-0.0765545149013502,0.6183462610761081,0.4844476666101993,0.1329699811839891,0.1598885128523318,0.1173268819326885,0.172207523327877,0.0387878014186371,0.0604897662335393,,,,,,
2021-09-01,21571.421,273.942,6.9952193475815605,4.7,0.08,5.733333333333333,13.19648707847778,Moderate Growth,4.9648254959858695,7.3356319536168835,3.531234401295591,2.105896548897035,0.6030391522436007,-0.2409592178779118,17.89579174699406,24.210056100349295,11.27403914551836,20.859478784767425,8.745862986554291,7.815944294861465,426.945068359375,371.1276550292969,131.53111267089844,169.6999969482422,71.414794921875,22.145946502685547
2021-10-01,21960.388,276.528,8.102360419386878,4.5,0.08,5.45,15.237599622220465,Moderate Growth,-3.578771500148392,-5.25530109872363,-2.253613476437355,-3.0111966424549164,-0.2165273575714055,1.6908144741119011,16.794747896645898,24.165047581140968,11.254876450874953,20.261496421380304,7.770899952417077,8.164428337764669,411.6656799316406,351.623779296875,128.56690979003906,164.58999633789062,71.26016235351562,22.52039337158203
2021-11-01,21960.388,278.824,8.47410150870287,4.2,0.08,5.133333333333334,15.237599622220465,Moderate Growth,5.941401216846254,7.565643071936789,0.8783064224109793,1.7801859163756315,-0.6558309383127514,-0.3562919215541194,16.358379809090238,23.70183486505252,11.101678519524537,20.201030560953228,6.574450656287392,8.104297122171463,436.1243896484375,378.2263793945313,129.6961212158203,167.52000427246094,70.79281616210938,22.440155029296875
2021-12-01,21960.388,280.806,8.691242955347755,3.9,0.08,4.766666666666667,6.869478903213433,Moderate Growth,-2.073735750046668,-0.0799921121354962,4.155314882234973,-0.8118437056267025,-1.048943437171168,2.3837953323659455,17.322204534345396,23.931115798595098,12.039741405762252,20.16414806829232,6.58295314426631,8.547574275799603,427.080322265625,377.923828125,135.0854034423828,166.16000366210938,70.05023956298828,22.975082397460938
2022-01-01,21903.85,282.542,7.578082463000535,4.0,0.08,4.3999999999999995,4.014891174672086,Overheating,-4.941327985232635,-8.63046762159957,-3.6886631166000106,-1.6787612677039987,-1.9991350636732852,0.9364013048283272,0.1321230451933109,0.1683188804330878,0.1236762785456084,0.1462749065165373,0.038469432925991,0.0508342557818965,,,,,,
2022-02-01,21903.85,284.525,9.433955007173145,3.8,0.08,4.416666666666667,6.594338655316623,Moderate Growth,0.8970837827934286,-5.459080114937187,-6.736664371011846,1.2457823903513354,-0.050208977169075,0.116408037484339,13.428185904525014,18.42874925094322,13.557899027223067,16.39559910222388,4.580654293950401,6.707520830772871,430.9115905761719,357.29266357421875,125.9851531982422,168.22999572753906,70.01506805419922,23.00182723999023
2022-03-01,21903.85,287.467,10.428743195848169,3.7,0.2,4.133333333333334,5.450490285071163,Moderate Growth,-5.071199511108659,-6.574200406806896,-0.1643480465176705,7.959341217207494,-1.5270433795738558,1.0852780801192008,13.99687582695253,18.751275788271272,13.560235255409856,18.17722568279476,4.746487347232472,6.650151795705084,409.0592041015625,333.80352783203125,125.7780990600586,181.6199951171875,68.94590759277344,23.251461029052734
2022-04-01,21919.222,288.582,10.12688660344596,3.7,0.33,3.966666666666667,5.524494852152406,Moderate Growth,5.662369856518024,6.093101948295465,-6.169281827044982,-1.1672696697407114,-1.0176965983163644,0.9969269417352766,12.80684188645334,18.32694014107571,14.366132044021164,17.432096455876902,3.3740652409318685,5.761500859332306,432.2216491699219,354.14251708984375,118.01849365234376,179.5,68.24424743652344,23.48326110839844
2022-05-01,21919.222,291.299,8.530051713089225,3.6,0.77,3.783333333333333,2.4789231663651545,Overheating,0.2257161822157849,-1.5865812646872035,-2.2699447849536147,-3.261547766106776,1.6477539878846814,-1.3057729981533206,0.1600747005042385,0.2250005364678135,0.1413737594091211,0.1223778395393717,0.0600451635826927,0.0568619750890693,,,,,,
2022-06-01,21919.222,295.072,11.950768857204652,3.6,1.21,3.8166666666666664,4.087888246289051,Moderate Growth,-9.56681683923909,-15.434560019688847,-11.901373851568186,-4.050141655967099,-2.9717235835799327,4.1002219624574066,17.153482759552563,24.223688305038326,17.89033165521058,17.879991370992432,4.078873938090229,6.649867021897919,390.8717956542969,299.482177734375,103.97267150878906,172.22999572753906,66.21621704101562,24.44612693786621
2022-07-01,22066.784,294.94,11.362409240051807,3.5,1.68,3.7000000000000006,4.788616445738758,Moderate Growth,-6.519466958648856,-7.623438976292906,-0.1468457443131954,-2.27021337764286,-5.814767259063503,2.297599613507595,18.406506100470004,25.3299933144855,17.023643615436256,16.272594394265187,6.694956925864395,6.690150258353624,365.3890380859375,276.6513366699219,103.81999206542967,168.32000732421875,62.36589813232422,25.007801055908203
2022-08-01,22066.784,295.162,10.703047351148598,3.6,2.33,3.65,3.1688196809528835,Moderate Growth,7.745759065262137,11.746370312061003,3.83190815566321,-1.9546152577005536,5.723290805968806,0.4634631680025425,19.752567049510464,28.292297960171457,17.723667956334523,16.44942218942666,9.38316549556582,6.663464518532324,393.6911926269531,309.1478271484375,107.79827880859376,165.02999877929688,65.9352798461914,25.123703002929688
2022-09-01,22066.784,296.421,9.497617376528387,3.5,2.56,3.6,3.1688196809528835,Moderate Growth,-3.493445550407326,-5.033782303056345,-8.504108048672643,-4.338607353251467,-4.085530084749733,4.222856325542512,19.536724990284924,28.599255630294028,19.183207718411825,13.244669712164583,9.953430306212304,5.472363458774719,379.9378051757813,293.58599853515625,98.63099670410156,157.8699951171875,63.24147415161133,26.184640884399418
2022-10-01,22249.459,297.979,7.757261470809462,3.6,3.08,3.566666666666667,1.3163292014694905,Stagflation,8.571721888857574,4.186743550980032,-5.990068436406348,-1.7844407703562548,3.3651420415152566,-0.3980022825704088,0.2269211524749426,0.2643033351390634,0.129692002963564,0.0996996416487175,0.1319487168349421,0.0628134293987485,,,,,,
2022-11-01,22249.459,298.708,9.833250602099564,3.6,3.78,3.5833333333333335,3.1432236198069674,Moderate Growth,-2.603422929938981,-7.947765468295653,-11.277543630521658,-2.7934303792476634,-0.1658606667855777,2.213137496409767,19.3638805863778,28.336674442475076,20.20538006816967,11.961410399268996,9.73784630246486,5.320523370347576,370.0464172363281,270.2524719238281,87.50784301757812,153.4600067138672,63.13658142089844,26.764142990112305
2022-12-01,22249.459,298.808,9.077103912507024,3.5,4.1,3.5500000000000003,3.1432236198069674,Moderate Growth,5.9450928982875295,6.764575722593746,9.550273988415526,9.370512833897848,3.1936436476232455,-5.862756722630403,19.69545505298995,28.14262957910825,22.997761720084977,15.455704455263804,10.499233555393095,9.069814340705689,392.0460205078125,288.5339050292969,95.86508178710938,167.83999633789062,65.15293884277344,25.19502639770508
2023-01-01,22403.435,300.456,6.340296309929161,3.5,4.33,3.5499999999999994,2.280809081508517,Overheating,6.776808559399461,10.9077943915584,8.160905308533373,5.759257431981046,4.6535534702198955,-0.2080758316705733,0.2463126884851976,0.3032829014336791,0.1915789958251552,0.144941176090754,0.1475219544961292,0.095473144909462,,,,,,
2023-02-01,22403.435,301.476,9.021871202916154,3.6,4.57,3.5500000000000003,2.017482569069373,Moderate Growth,1.302558411727861,2.696601333583093,2.799400058638013,8.239991737852836,2.535842484875972,-2.7252535116905063,19.48290497252873,28.19165626160325,23.57937408058665,17.077292784382948,10.992337412944622,9.807765389600268,397.1526489257813,296.31451416015625,98.5487289428711,181.6699981689453,66.80511474609375,24.508398056030273
2023-03-01,22403.435,301.643,8.184015723180194,3.5,4.65,3.5499999999999994,2.017482569069373,Moderate Growth,-3.909443581008565,-3.230111454252549,-6.990806441661023,-6.0053964727646125,-3.180425934300868,3.743114787945556,18.59142743568699,26.59011403000551,23.852525913455462,18.38144962878415,11.318846087111384,10.156313601597398,381.6261901855469,286.74322509765625,91.6593780517578,170.75999450683594,64.68042755126953,25.4257755279541
2023-04-01,22539.418,302.858,4.946947488062325,3.4,4.83,3.516666666666666,2.8294617391073418,Overheating,1.985266888030046,0.6635147801471897,0.3312284595606396,0.8623522653246951,0.354411715517533,-0.4662903797648776,0.2300915562583313,0.2810922934747126,0.1833392815658898,0.1629801109176703,0.1435278080917612,0.0914765510556685,,,,,,
2023-05-01,22539.418,303.316,8.016210479833052,3.6,5.06,3.5500000000000003,2.6367020473408775,Moderate Growth,5.663437084645362,10.813471516928152,3.270307303709097,7.736007928565702,2.011160215872221,-1.3441802960729945,19.67067805186699,29.521154790466223,23.592906686010508,19.760594385841515,11.625661344799736,10.319614242966534,403.2393493652344,317.7501220703125,94.65692138671876,183.97000122070312,65.98125457763672,25.084007263183594
2023-06-01,22539.418,304.099,6.879536068886738,3.6,5.08,3.566666666666667,2.9016268829452407,Moderate Growth,1.5186084191991522,9.255384825792,0.2560355261180813,-0.1141526947185722,-0.1806020724316126,1.3624946811115368,19.72268861637147,30.79024168267458,23.32351189484297,19.788742067856713,11.621551851392942,10.308010920913755,409.3629760742187,347.15911865234375,94.89927673339844,183.7599945068359,65.86209106445312,25.4257755279541
2023-07-01,22780.933,304.615,3.28032820234625,3.5,5.12,3.5333333333333337,3.2363075652528384,Overheating,3.656951698083643,4.002569331281092,-2.5491556755893763,2.2886642358626696,1.0541440445858807,-0.5637820526951498,0.1963190623103286,0.2453368807273986,0.182247750627693,0.1573093125456228,0.1033407176235185,0.0915316329988047,,,,,,
2023-08-01,22780.933,306.138,6.495006383341395,3.7,5.33,3.5833333333333335,4.004241263522168,Moderate Growth,8.618767577709452,8.893247102818203,-4.308598738865143,-1.7958140463733896,1.7947505501191063,0.2829916426545509,20.8136135968514,31.00209369024881,23.312511742287292,18.335024480516385,11.761675029341244,10.32174354247957,444.64501953125,378.0328369140625,90.8104476928711,180.4600067138672,67.04415130615234,25.49772834777832
2023-09-01,22780.933,307.374,6.511840655342338,3.8,5.33,3.6333333333333337,3.931302853723539,Moderate Growth,-1.1588710819836257,-1.3584470646738844,-3.0624630178664347,-0.1939521725002446,0.8715451787749906,2.539677695190945,20.20688347514986,30.66947840336503,22.97872946794175,18.28906820553387,11.766586108339384,10.466091831243716,439.4921569824219,372.8974609375,88.02941131591797,180.11000061035156,67.62847137451172,26.145288467407227
2023-10-01,22960.6,307.653,3.2465375076767167,3.9,5.33,3.6833333333333336,3.1962170406030888,Overheating,-1.825788117207161,-1.9237323678400031,-5.4789992641811285,7.372411557093384,-1.0988463199795628,1.00908218189788,0.1511601617756291,0.2125520757690937,0.1769630219182833,0.1687932284548661,0.0782846377972223,0.0877247624819879,,,,,,
2023-11-01,22960.6,308.087,4.410787875501576,3.7,5.33,3.65,4.750980668930671,Moderate Growth,-5.992842719039048,-5.326748998944608,-9.686189108847309,1.8877318777205776,-1.8965165380425253,3.3367764201347017,18.55234599079165,26.169922329284777,22.047104213588035,17.756728762452436,11.519104045674595,10.240107569170972,413.1540832519531,353.0341491699219,79.50271606445312,183.5099945068359,66.34588623046875,27.017698287963867
2023-12-01,22960.6,308.735,4.677222485929344,3.8,5.33,3.7000000000000006,4.0505041423344545,Moderate Growth,8.621583038200043,9.239137246922024,9.61743972024589,4.631900307578807,4.757622047982957,-2.796268704922078,18.39778383775835,25.06977024750057,24.927342106123117,17.8607031418067,10.430024006642174,10.724942297410308,448.7745056152344,385.6514587402344,87.14884185791016,192.0099945068359,69.50237274169922,26.262210845947266
2024-01-01,23053.545,309.794,3.1079425939238847,3.7,5.33,3.766666666666666,2.9018317949903505,Overheating,2.004555041879419,2.076231969161424,-1.6196434210358213,-1.4228180398366377,1.0698201338688262,9.291372201623105,0.1384748888058092,0.1718349884853089,0.1917236722498641,0.1439905666313021,0.0710124045752615,0.1415061176320287,,,,,,
2024-02-01,23053.545,311.022,5.373320413874416,3.9,5.33,3.75,4.471702809072675,Moderate Growth,6.988330783370489,8.464118973552882,6.3271501587224055,-0.8332851885319958,3.0542881496495866,0.8838792641013837,18.147091935130035,24.01951067426804,25.593758832090085,17.67736201000371,9.386295562589046,10.733626157659032,480.1363525390625,418.29345703125,92.66287994384766,190.41000366210935,71.62517547607422,26.49433708190918
2024-03-01,23053.545,312.107,5.29179781459479,3.9,5.33,3.7999999999999994,4.471702809072675,Moderate Growth,4.83441034028369,5.624806663047988,-3.535405556078386,1.3024503334078783,0.1027156317256361,1.2639929425974916,17.39654585707142,22.562904192347908,24.46193253261156,16.574546840155904,7.8535225117482845,9.992734169774511,503.3481140136719,441.8216552734375,89.38687133789062,192.88999938964844,71.69874572753906,26.8292236328125
2024-04-01,23223.906,313.016,4.7899621034589,3.9,5.33,3.8333333333333335,4.379643567962699,Moderate Growth,2.131679159408084,-0.0160592782842861,-1.708270897966524,7.740166925093339,0.3024038440051946,1.5691826671519804,16.507112550323818,19.265609468190945,21.604380858033785,16.74589266104856,7.78649447800383,9.874169951687495,514.077880859375,441.7507019042969,87.85990142822266,207.82000732421875,71.91556549072266,27.25022315979004
2024-05-01,23223.906,313.14,4.7963909935476945,4.0,5.33,3.8666666666666663,4.379643567962699,Moderate Growth,-4.17686733347169,-5.265767787540243,-3.975964514678876,2.872671423112938,-0.4257108202667115,1.650287517327853,17.528678663121816,21.2528538647319,19.341199248710044,15.08528194923167,7.570053726000719,7.400249096148997,492.60552978515625,418.4891357421875,84.36662292480469,213.7899932861328,71.60941314697266,27.69993019104004
2024-06-01,23223.906,313.131,2.9700853998204435,4.1,5.33,3.9166666666666665,3.0368486000836192,Moderate Growth,3.1951017371280033,6.30117338625924,1.8259131770721693,-0.1346997402745908,0.5400991082440854,1.6044606004375297,0.1443368144060804,0.1675147313355249,0.1920451866858487,0.12742259410417,0.0630464051511098,0.1348449089659072,,,,,,
2024-07-01,23400.294,313.566,4.010269474186989,4.2,5.33,3.95,4.449581057547647,Moderate Growth,9.343341698004748,14.51082516131348,2.1953315315774713,0.83259932362858,1.5658019629045006,0.656294841311289,18.948032869508317,23.98538813070009,19.22367084127416,13.548600590735154,7.38910035208928,6.331430797394534,538.63134765625,479.2153625488281,86.21875,215.57000732421875,72.73067474365234,27.881723403930664
2024-08-01,23400.294,314.131,4.139993303342027,4.2,5.33,4.016666666666667,4.449581057547647,Moderate Growth,-0.4272778862078996,-4.6190299911564425,6.35938101723903,4.731640117681746,2.1482321064140164,-0.9608735171503292,17.913304943909573,24.4958755533476,19.295369408013265,11.086307279268402,6.12483874193331,5.91973948686123,536.3298950195312,457.0802612304687,91.70172882080078,225.77000427246097,74.29309844970703,27.613815307617188
2024-09-01,23400.294,314.851,2.432541464144644,4.1,5.13,4.083333333333333,2.7187692444378797,Moderate Growth,1.7882566099375774,2.4775851738291887,2.007477040294181,5.088851491253266,1.7398069810726111,-0.3183557533170233,0.1145782363873364,0.146671685399008,0.1694691688428557,0.1059884087247879,0.0587595193598472,0.1339345436665455,,,,,,
2024-10-01,23542.349,315.564,4.038032942541792,4.1,4.83,4.05,4.44967567485548,Moderate Growth,5.0375152394458,4.848425042026094,4.00781927478191,8.787702512485907,2.9499642884466493,-1.9404055591565217,17.822370567214293,23.438365834357857,19.43921335664382,11.672904421642585,6.332988095723826,6.169504033695721,563.3475952148438,479.241455078125,95.37696838378906,245.61000061035156,76.4847183227539,27.07799530029297
2024-11-01,23542.349,316.449,4.0611774455029614,4.2,4.64,4.1000000000000005,4.44967567485548,Moderate Growth,0.4255740075691072,1.2799526534496453,-7.45597440255974,2.793046127317367,-0.9077002954113288,3.604240093520539,17.950848346525916,22.71734818399695,20.89344892122407,11.322828885460575,6.5506330811199485,6.823012174635847,565.7450561523438,485.3755187988281,88.26568603515625,252.47000122070312,75.79046630859375,28.053951263427734
2024-12-01,23542.349,317.603,2.872366268806581,4.1,4.48,4.1499999999999995,2.533683788751162,Moderate Growth,-2.733385969088298,0.2923171135319924,-6.752411976936889,-1.4088486936242206,-1.24371653667531,-1.4405419979999112,0.1044568163896549,0.1150279923500574,0.1318585060377811,0.1182960205327321,0.0459455454267692,0.1057372224390047,,,,,,
2025-01-01,23526.085,319.086,2.999412512831112,4.0,4.33,4.116666666666666,2.049749832401049,Moderate Growth,3.0312462859309663,2.3281400747491965,1.233170179698062,6.785607873643396,2.3469567271585,4.832627130846157,0.1050542035495053,0.1150800692164286,0.1326238985294016,0.1205345743281962,0.049021547437935,0.0731248822135914,,,,,,
2025-02-01,19357.24092195122,319.775,2.814270373156869,4.1,4.33,4.1000000000000005,2.049749832401049,Moderate Growth,-1.269479136976348,-2.7034719701907295,5.3213403008137705,1.8216241876358952,0.5142904916938251,-0.4066446570744175,0.1034040594393801,0.1178623271302012,0.1417116392641209,0.1184872805611735,0.0480953367865386,0.074237529933105,,,,,,
2025-03-01,19357.24092195122,319.615,2.4055852640280317,4.2,4.33,4.116666666666666,2.049749832401049,Moderate Growth,-5.855129814520065,-7.723793703223447,-1.16328113968186,9.446585889998316,-1.1008754923765074,-2.892135051967637,0.1248408648132295,0.1487068764552383,0.1422560447759224,0.1228401272531665,0.0514637937761049,0.0826424518256404,,,,,,
2025-04-01,23512.717,320.321,4.632877983131811,4.2,4.33,4.1499999999999995,3.2122652746487512,Moderate Growth,-1.1363049128362834,-2.7207346719870684,2.5075199928084713,13.902644248348553,2.3247917658210104,1.8394857342937776,17.16664073568736,22.41003202033435,20.625141328382423,14.820341993910557,6.624764107219397,6.861618569345619,559.3164672851562,472.1697387695313,90.47896575927734,287.57000732421875,77.55243682861328,28.56999969482422
2025-05-01,23512.717,320.58,4.2963946202346115,4.2,4.33,4.183333333333334,3.2122652746487512,Moderate Growth,-0.4456537384269321,1.8997214203824608,-2.703735536933627,3.4391570327113374,0.0146286952827034,-3.5001750461382097,17.035935671905165,22.103385173108165,20.56755911872133,14.1172483743169,6.7309440911380625,7.9299130863063185,556.8238525390625,481.1396484375,88.03265380859375,297.4599914550781,77.56378173828125,27.56999969482422
