Date,gdp,cpi,unemployment,fedFunds,SPY,QQQ,TLT,GLD,HYG,UUP,Inflation,gdp_growth,unemployment_rolling6,spy_returns,qqq_returns,tlt_returns,gld_returns,hyg_returns,uup_returns,spy_volatility,qqq_volatility,tlt_volatility,gld_volatility,hyg_volatility,uup_volatility,Period
2008-02-01,16843.003,212.687,4.9,2.98,100.52061462402344,39.35676956176758,56.95857620239258,89.3499984741211,33.55381774902344,20.19257545471191,,,,,,,,,,,,,,,,Moderate Growth
2008-04-01,16943.291,213.942,5.0,2.28,98.86876678466795,39.38752365112305,56.62900924682617,86.86000061035156,33.36586380004883,19.523210525512695,,,,-1.6432926176723872,0.07814180304408502,-0.5786081351390249,-2.7867911654086086,-0.5601566724253937,-3.314906167865872,,,,,,,Moderate Growth
2008-05-01,16943.291,215.208,5.4,1.98,102.1327896118164,42.07441711425781,56.13829803466797,83.98999786376953,35.07828140258789,19.566116333007812,,,,3.301369009949684,6.821686701946694,-0.8665368133483731,-3.304170764926284,5.132244178664291,0.21976819560003413,,,,,,,Moderate Growth
2008-07-01,16854.295,219.016,5.8,2.01,93.37723541259766,39.60521697998047,55.94231033325195,92.66000366210938,32.88297653198242,19.282922744750977,,,,-8.57271619868274,-5.868649653712266,-0.34911585900766484,10.32266462537892,-6.258302239526225,-1.447367394923904,,,,,,,Moderate Growth
2008-08-01,16854.295,218.69,6.1,2.0,91.7624740600586,38.80117416381836,55.992713928222656,89.56999969482422,32.96406555175781,19.557537078857425,,,,-1.7292880276483458,-2.0301436968986564,0.09009923735798786,-3.334776435529885,0.24659878249320144,1.424132315113913,,,,,,,Moderate Growth
2008-10-01,16485.35,216.995,6.5,0.97,84.90489196777344,33.30774688720703,58.97952651977539,85.97000122070312,30.59459686279297,21.05931854248047,,,5.616666666666667,-7.473187882659815,-14.15788927782986,5.334287949288452,-4.019201168233478,-7.188035363066714,7.6787862273646645,,,,,,,Moderate Growth
2008-12-01,16485.35,211.398,7.3,0.16,60.06842422485352,23.298131942749023,67.86396026611328,75.6500015258789,23.621639251708984,22.91295051574707,,,6.016666666666667,-29.252104522253987,-30.051912482565847,15.063589470083327,-12.004186981841025,-22.791467533811538,8.801956100941677,,,,,,,Slow Growth
2009-04-01,16269.145,212.709,9.0,0.15,60.209529876708984,26.70298767089844,66.76277923583984,91.02999877929688,25.689786911010746,22.16848373413086,,,6.683333333333334,0.23490819623843695,14.614286400799159,-1.6226300763400814,20.330465225644012,8.755309643263365,-3.2491091930939686,,,,,,,Slow Growth
2009-05-01,16269.145,213.022,9.4,0.18,65.28271484375,29.82715606689453,61.13587951660156,86.94999694824219,29.1546688079834,21.840192794799805,,,7.3500000000000005,8.425883705502057,11.699696058358612,-8.428198741339443,-4.482040959867184,13.48739056876953,-1.4808903634018655,,,,,,,Slow Growth
2009-06-01,16269.145,214.79,9.5,0.21,70.39302062988281,31.580163955688477,57.532318115234375,95.7300033569336,30.745105743408203,20.44926071166992,,,7.966666666666666,7.827961503077807,5.877221029260737,-5.894347852456483,10.097765056757613,5.455170648308982,-6.368680424199691,,,,,,,Slow Growth
2009-07-01,16326.281,214.726,9.5,0.16,68.96804809570312,31.627702713012695,59.611785888671875,92.38999938964844,31.11768913269043,20.544292449951172,,,8.533333333333333,-2.0243094008879137,0.15053359884680262,3.6144341850999906,-3.4889834431863553,1.2118461793292346,0.46471967677061965,,,,,,,Slow Growth
2009-09-01,16326.281,215.861,9.8,0.15,74.84671020507812,34.13010787963867,61.26595306396485,93.9000015258789,32.31901550292969,20.224637985229492,,,9.083333333333334,8.523747259335956,7.91206743446593,2.774899544835341,1.6343783377053,3.8605899207895034,-1.555928321700073,,,,,,,Slow Growth
2009-10-01,16502.754,216.509,10.0,0.12,77.28221893310547,35.659080505371094,63.78595352172851,97.88999938964844,33.60875701904297,19.82723045349121,1.7970068692491736,-2.0201207587506764,9.533333333333333,3.253995695140244,4.479835314685832,4.113215141095816,4.249198933899789,3.990658428306304,-1.964967343437829,36.04235110768494,42.50787588353813,20.574731829596555,30.457352067983958,32.28132952997122,15.184451025392868,Recession
2009-12-01,16502.754,217.347,9.9,0.12,83.53414916992188,38.2769775390625,61.33036422729492,117.37999725341795,35.08123016357422,19.066972732543945,1.5915528507726373,-2.60006748393804,9.683333333333334,8.089739558627329,7.341459725236299,-3.8497336150930095,19.910101118899924,4.381218691595579,-3.834412086602834,37.31935844038869,43.145580134772416,21.119433335342357,35.359076669128996,32.49096782307123,15.314043319453765,Recession
2010-02-01,16582.71,217.281,9.8,0.13,82.29364013671875,37.68745803833008,59.107906341552734,108.3499984741211,35.70286560058594,20.172801971435547,0.963254154120663,-2.128163885044543,9.75,-1.4850322239827074,-1.540141198794509,-3.623748063040344,-7.69296216611891,1.7719887076741658,5.799710601170305,37.05391465651475,42.630115954002065,21.537144641581094,36.4667083062606,32.18089529720795,16.421397404357492,Recession
2010-03-01,16582.71,217.353,9.9,0.16,84.42903137207031,39.56049728393555,59.419090270996094,109.43000030517578,36.224605560302734,20.492456436157227,-0.7593052562369751,-1.6113696835138969,9.816666666666668,2.5948435769810763,4.969927246620065,0.5264675213586312,0.996771431715926,1.4613391696722378,1.5845813842534362,36.2990434349943,42.416057639342185,21.512751267695783,35.49934691055279,31.30620287969932,16.337921325289535,Recession
2010-04-01,16743.162,217.403,9.9,0.2,89.25465393066406,42.00104141235352,58.07976150512695,110.26000213623048,36.87990188598633,20.44062232971191,-0.5885042754584124,-0.659374954573877,9.883333333333335,5.715596258978395,6.169144211968769,-2.254037818083021,0.7584774090651614,1.8089812588648613,-0.25294237714644785,36.72921993314543,42.61713647977689,21.70908104060076,35.08072224966188,31.292179107436226,16.332640771474054,Recession
2010-06-01,16743.162,217.199,9.4,0.18,81.47325897216797,39.40214538574219,63.67362594604492,119.91000366210938,35.74911880493164,21.90066719055176,0.09401138275075827,1.563885510468399,9.816666666666666,-8.718195204186141,-6.187694255235621,9.631348848469656,8.752041845560598,-3.066122801927418,7.142859142392988,37.03901880854486,40.102837918147834,23.135781458584574,34.93883987842574,30.321643959711658,16.081402232176085,Slow Growth
2010-07-01,16872.266,217.605,9.4,0.18,78.22955322265625,37.28692626953125,67.00055694580078,117.04000091552734,36.49172592163086,21.25271797180176,2.936167797235534,2.347029332103956,9.716666666666667,-3.98131336641363,-5.368284126417988,5.224974941076854,-2.3934639804276236,2.0772739063900314,-2.958582097578899,19.5705489674383,22.020892692423452,18.07447830628035,31.51379270086257,14.467294231524644,13.488752306436625,Slow Growth
2010-09-01,16872.266,218.275,9.5,0.19,82.56886291503906,39.18673324584961,70.33689880371094,121.69000244140624,38.220333099365234,20.67388343811035,2.6167204960767965,3.707146257532279,9.65,5.546893103214212,5.095102134687823,4.979573319978581,3.9730019561730723,4.736983889023794,-2.723578859228315,19.65861385859462,18.940721677041942,18.618456541167635,26.07422910142805,13.479972216130436,13.384125948745881,Slow Growth
2010-10-01,16960.864,219.035,9.4,0.19,87.71786499023438,43.00803756713867,69.67346954345703,128.91000366210938,39.24631881713867,19.568050384521484,2.822713146998912,4.251723123741291,9.583333333333334,6.2360094270566435,9.751525592386013,-0.9432165357550648,5.933109602968067,2.6843976349083087,-5.34893725651161,19.090424503161024,18.088580868416354,15.992426226768202,25.005972334989508,7.835429458632182,14.222185207996432,Slow Growth
2010-11-01,16960.864,219.59,9.8,0.19,90.71807098388672,45.82491683959961,66.59476470947266,131.9199981689453,39.84008026123047,19.360706329345703,2.234740909725774,4.251723123741291,9.566666666666666,3.4202907172744768,6.549657765861983,-4.418762054133262,2.334958049280278,1.5129099033678095,-1.0596050761387699,18.27294232894208,18.208408013271516,15.333686967458608,23.97587949923964,7.196206204459469,12.897832578457,Slow Growth
2010-12-01,16960.864,220.472,9.3,0.18,92.61617279052734,46.67612838745117,64.29125213623047,135.3800048828125,39.77077865600586,20.12960624694824,2.6759684435047504,3.8868803005412067,9.466666666666667,2.0923083858096714,1.8575299347100893,-3.4589994923647893,2.6228068237509117,-0.1739494618740789,3.9714455894467315,17.67278735226669,17.967085323861635,15.800711369659393,22.952466119001162,7.530048407448418,13.609113578332114,Slow Growth
2011-02-01,16920.632,221.898,9.0,0.16,100.58936309814452,50.16267395019531,61.06586456298828,130.8000030517578,41.2559928894043,19.127445220947266,2.7967071402430266,3.6404555330145305,9.4,8.608853148845142,7.469654581894369,-5.0168373862243705,-3.3830711078930875,3.7344358938623756,-4.978542618800141,17.70404572065022,17.85147213585747,16.599031452401945,23.907593748354447,7.498628133450525,14.41506905860062,Slow Growth
2011-03-01,16920.632,223.046,9.0,0.14,100.73552703857422,49.97803497314453,62.56321334838867,140.02999877929688,41.702144622802734,19.11016845703125,3.019274025560148,2.532171296984731,9.333333333333334,0.14530755134327666,-0.36808041220869336,2.4520225761413883,7.056571492499697,1.08142284829853,-0.0903244720685148,17.8538436224268,18.1815433689249,16.23743550848462,24.22962695758633,7.248739269678129,14.312485557460288,Slow Growth
2011-04-01,17035.114,224.093,9.1,0.1,102.88861083984376,50.59447479248047,62.704044342041016,139.1999969482422,41.73365783691406,18.807788848876953,3.10379255292228,3.2258858127558687,9.266666666666666,2.1373629190871934,1.2334214813911393,0.2251019187075931,-0.5927314420411167,0.07556737044669415,-1.5822969265508524,16.724807129765217,17.599166555197435,15.703143249334,16.176721737457516,6.867034176191943,13.863746448622047,Slow Growth
2011-06-01,17035.114,224.806,9.1,0.09,101.8995361328125,50.26868438720703,66.9386978149414,149.91000366210938,42.260833740234375,18.479496002197266,3.4632572567320663,2.728166867779769,9.216666666666667,-0.9613063087914098,-0.643924868495438,6.753397675277539,7.693970509100967,1.2631912241682697,-1.7455153783231148,16.618419069147265,17.398099181118013,16.308189964825125,13.740452371789669,6.861911445593585,12.368367934644503,Slow Growth
2011-07-01,17031.313,225.395,9.0,0.07,103.99665069580078,51.10504531860352,64.40862274169922,144.92999267578125,42.49003219604492,18.315351486206055,3.6999719350549576,2.7052454031940343,9.083333333333334,2.058021697228307,1.6637812220312131,-3.779689709884748,-3.3220004433812567,0.5423424848155278,-0.8882521253376963,16.602703795678632,17.208289791089644,17.03762924509887,14.985424306597181,6.919077480114601,12.121332503194104,Slow Growth
2011-08-01,17031.313,226.106,9.0,0.1,100.00518035888672,50.94620132446289,68.03960418701172,157.72000122070312,42.50968170166016,18.263513565063477,4.003164629742928,1.7210070594789517,9.033333333333333,-3.838075851682432,-0.31081861516872866,5.637415132868129,8.824956317726485,0.046244976997389386,-0.28302990079999146,16.926898388331747,16.82163067636394,17.328202419367475,16.118670429210425,7.017154811119726,12.11968207287957,Slow Growth
2011-09-01,17031.313,226.597,9.0,0.08,93.91693115234376,48.14870834350586,75.43772888183594,177.8699951171875,41.23142623901367,18.280792236328125,4.326907582447426,1.7210070594789517,9.033333333333333,-6.087933829721792,-5.491072755632043,10.873262393605266,12.775801255725195,-3.006974908957205,0.09460759674251307,15.404902372742468,16.474851179297364,18.000084447091897,18.038916103103777,6.977978483052193,8.556227623297357,Slow Growth
2011-11-01,17222.583,227.169,8.6,0.08,95.230224609375,49.9001579284668,83.11722564697266,167.3800048828125,41.63230514526367,18.83370590209961,4.395119597435726,2.07628898216754,8.966666666666667,1.39835644214239,3.63758373841645,10.179915115373795,-5.897560309406769,0.972265436383779,3.0245607445432254,14.29969731858291,14.558160223140733,19.706558768453203,19.55594974004824,6.916148569989775,9.461677132531063,Slow Growth
2011-12-01,17222.583,227.223,8.5,0.07,97.54853057861328,50.20077896118164,81.61322021484375,169.6300048828125,41.5422477722168,19.0496883392334,4.099415874470291,2.07628898216754,8.866666666666667,2.434422452270524,0.6024450526705527,-1.8094990784665144,1.3442465852329777,-0.21631608610824804,1.146786714502701,13.720301495977214,14.3892099123558,19.73998534455342,19.61454271138459,5.7710306238267615,9.469614456595725,Slow Growth
2012-02-01,17367.01,228.329,8.3,0.1,104.05866241455078,54.15593338012695,83.60176086425781,169.55999755859375,43.95743560791016,19.023773193359375,4.243157486246485,2.3946067841826846,8.733333333333334,6.673736444129275,7.878671408672133,2.4365423202016734,-0.041270602018261826,5.813811156623627,-0.1360397367795807,13.892074126045754,13.399516441710812,19.59275214336855,19.532765372028223,7.522059370272918,7.959043479580726,Slow Growth
2012-03-01,17367.01,228.807,8.2,0.13,108.19048309326172,57.61722183227539,81.59871673583984,166.61000061035156,44.87547302246094,18.971935272216797,4.197367821849807,2.3946067841826846,8.6,3.9706647989097954,6.391337451158385,-2.3959353340299416,-1.7397953472031547,2.0884689970075865,-0.2724902185055167,13.985364185601068,13.341769191655985,19.002182007938455,19.97918064979473,7.589064156032564,7.906184221210536,Slow Growth
2012-05-01,17444.525,228.713,8.2,0.16,111.03944396972656,59.44862365722656,82.26945495605469,161.32000732421875,44.910186767578125,18.8596248626709,3.7378896186363697,2.8516294924598284,8.466666666666667,2.633282332244513,3.1785666970934656,0.8219960399453718,-3.17507548571736,0.07735571968190413,-0.5919818296574619,14.018560366638603,13.392400660066937,18.163213307342907,20.647499654010197,7.550052613210366,6.507510967176694,Slow Growth
2012-06-01,17444.525,228.524,8.2,0.16,101.11422729492188,53.705562591552734,92.30257415771484,157.5,43.053253173828125,19.801313400268555,2.9860566566620728,3.09617867701395,8.333333333333334,-8.938460352440769,-9.660545042703783,12.195436577304996,-2.3679687272399774,-4.134771479263966,4.993145645550734,15.36251426389733,16.49966224448271,18.84709574847005,20.402201512351965,8.52377582881219,6.700278261226531,Slow Growth
2012-08-01,17469.65,229.918,8.1,0.13,109.11666107177734,57.57145309448242,91.57292938232422,155.13999938964844,46.16704559326172,19.758115768432617,3.0809788115456094,3.2446660384789494,8.25,7.914251031671937,7.198305569072927,-0.7904923368051486,-1.4984130859375,7.232420757756941,-0.21815538678031654,17.220059454746014,17.670703014875354,19.341103392798225,19.740883129028315,10.947841121369745,6.709734730616917,Slow Growth
2012-10-01,17489.852,231.638,7.8,0.16,115.08882904052734,61.18492889404297,88.84744262695312,172.2899932861328,46.65243911743164,18.894182205200195,3.366905704328116,2.6694156552166115,8.133333333333333,5.473195303164102,6.276506159450856,-2.976301810758908,11.054527500293831,1.05138528561326,-4.37255036541856,17.818993797521447,18.354361506618925,20.155399629878538,22.019933868983873,10.91148078363391,8.014698388364662,Slow Growth
2012-11-01,17489.852,231.249,7.7,0.16,113.8769760131836,58.86158752441406,87.3692398071289,166.07000732421875,47.10029220581055,18.93738174438477,2.8660267074722023,2.6694156552166115,8.033333333333333,-1.0529718978346758,-3.7972445365628382,-1.6637539315912608,-3.610184110683745,0.9599778636473655,0.22863937012675972,17.83057397504705,19.05612997544867,20.246295323101144,21.71430612033948,10.90703069540812,7.7681863515666905,Slow Growth
2013-02-01,17662.4,232.937,7.7,0.15,121.43739318847656,60.79789352416992,83.03455352783203,161.4499969482422,48.34800338745117,18.66092300415039,3.346125690454538,3.705451247358349,7.949999999999999,6.639109537311305,3.289591873397457,-4.961341415887177,-2.7819655399646703,2.6490518916286065,-1.459857249359997,18.68044309960245,19.143880522955204,20.66943783646734,21.602689632104084,11.023507763672463,7.877972730589202,Slow Growth
2013-03-01,17662.4,232.282,7.5,0.14,122.13595581054688,60.546260833740234,85.63282012939453,152.44000244140625,48.73434829711914,19.386627197265625,2.731462234527182,3.705451247358349,7.833333333333333,0.5752450738020221,-0.41388389604263276,3.1291390043924228,-5.580671834713236,0.7990917568443834,3.8888976335941683,17.823072459348577,19.15537376557485,20.377161328425274,20.750430134495296,10.968503079490198,8.675112907162486,Slow Growth
2013-04-01,17709.671,231.797,7.6,0.15,125.8568878173828,61.695125579833984,85.45054626464844,154.6699981689453,49.14974594116211,19.455738067626953,2.294822967647403,3.983004716077976,7.733333333333333,3.0465492181579235,1.8974990862747454,-0.21285514650886128,1.462867811482882,0.8523713942174993,0.3564873335526686,15.615417405291034,17.531542285882843,18.04437278456668,15.495085683395486,9.992917179112647,8.66481579529602,Slow Growth
2013-05-01,17709.671,231.893,7.5,0.11,127.6553726196289,63.397361755371094,89.69721984863281,141.11000061035156,50.00551223754883,19.16200065612793,2.0795090879477396,2.8281936571302957,7.633333333333333,1.4289919554150154,2.759109669587101,4.969744220045147,-8.767050959541766,1.7411408339957024,-1.5097726463936256,15.612952629361548,17.475237007988493,15.819013578539746,16.690121484765548,9.977172838230512,8.434915812874054,Slow Growth
2013-07-01,17860.45,232.9,7.3,0.09,130.8280487060547,64.79058074951172,80.2356948852539,121.12999725341795,48.24375915527344,19.447101593017575,2.498426655752284,3.703666285132745,7.55,2.485344738195483,2.197597747863056,-10.548292332076247,-14.159168925315635,-3.5231177593107454,1.4878453560561278,15.612565724587501,17.395410748433477,19.364902013593166,20.716870560166587,11.109067660234635,8.484701947850189,Slow Growth
2013-08-01,17860.45,233.456,7.2,0.08,138.36834716796875,69.15448760986328,76.75823974609375,126.61000061035156,48.88536071777344,19.248395919799805,2.2454440741211057,2.8412490117757816,7.466666666666666,5.763518248946498,6.735403217364211,-4.3340500062139515,4.524067928003661,1.3299161875735876,-1.021775261816471,15.37636007235611,17.02668027242294,19.61764613883642,21.80645173316685,9.968136531976338,8.56873134136109,Slow Growth
2013-10-01,18016.147,233.669,7.2,0.09,137.9673309326172,72.20771789550781,77.48467254638672,124.58999633789062,49.31886291503906,18.66956329345703,2.124934988877092,3.7377591191575466,7.383333333333334,-0.28981789806650227,4.41508626724183,0.9463906450902337,-1.5954539631332865,0.886773035732169,-3.007173318517198,15.51985768909958,16.601691445652623,19.561781301519343,21.81039591998951,9.887488534621157,9.125650600007551,Slow Growth
2013-11-01,18016.147,234.1,6.9,0.08,143.56459045410156,75.0441665649414,77.97892761230469,126.9499969482422,50.25603866577149,18.790512084960938,2.3553536528312824,3.2767988810242787,7.283333333333334,4.056945570845372,3.9281793582484292,0.6378746269103397,1.8942135642666003,1.9002379522554902,0.6478394250726494,15.634112603617721,16.676189264038218,19.5512746362616,22.15160392048443,9.904778778938596,9.137271501844275,Slow Growth
2014-04-01,18185.911,236.468,6.2,0.09,154.88726806640625,81.6236572265625,80.32682037353516,123.38999938964844,52.220550537109375,18.539968490600582,3.476221315923045,4.249963813861357,7.050000000000001,7.88681775672575,8.767491149265227,3.0109323545762345,-2.804251787453904,3.909006605958143,-1.3333516044029436,10.79253144694029,12.0867868812741,14.703680748571642,22.168410157925987,8.547815924469068,7.3897352191550985,Slow Growth
2014-05-01,18185.911,236.918,6.3,0.09,154.953125,80.19632720947266,83.60413360595703,123.8000030517578,52.28853225708008,18.37582778930664,3.0445637140197768,4.100030624540274,6.8500000000000005,0.042519268637053464,-1.748671972793392,4.0799738084760895,0.3322827329098388,0.13018192889864277,-0.8853343055958196,10.265853022442725,12.489384254086872,15.583588590262172,22.272887195032894,6.08175525479384,7.389525279811626,Slow Growth
2014-07-01,18406.941,237.498,6.2,0.09,162.88803100585938,87.09983825683594,84.23136138916016,127.6999969482422,53.31226348876953,18.37582778930664,2.529809444046305,5.243549230719613,6.666666666666667,5.120842839316331,8.608263355167534,0.7502353725228117,3.150237318535365,1.957850388028115,0.0,10.17910245457314,13.371942189441032,15.424138505167784,18.415451586268237,6.1480069195407525,6.12853306093349,Slow Growth
2014-08-01,18406.941,237.46,6.1,0.09,159.1429901123047,86.8521499633789,86.1685562133789,124.37999725341795,51.99700164794922,18.75595474243164,2.6858494523219534,5.243549230719613,6.483333333333333,-2.2991504473523716,-0.28437285121777345,2.299849832972134,-2.5998432060807874,-2.467090599327826,2.068624921192419,10.77587967287663,11.774728045883359,15.564387528155608,18.3663566133157,7.129819309934119,6.537176696046971,Slow Growth
2014-10-01,18500.031,237.43,5.7,0.09,161.42347717285156,89.39451599121094,89.35405731201172,116.7699966430664,52.24184036254883,19.74083709716797,1.9288477141888194,4.7424528942838995,6.233333333333333,1.4329798999865195,2.9272344195325317,3.696825429852346,-6.118347626947251,0.47087083262475904,5.2510382343172735,10.021312911944912,11.782193049531177,14.961865196927825,18.7715885117422,6.85676990200913,8.205619720667324,Slow Growth
2014-12-01,18500.031,236.252,5.6,0.12,170.9004364013672,96.38348388671876,92.25782775878906,116.58000183105467,51.642520904541016,20.18144416809082,1.7091294202736362,4.7424528942838995,6.016666666666667,5.870867976885252,7.818117048919393,3.249735416756505,-0.1627085873715406,-1.1472020393015314,2.23195738232429,10.341804639841541,11.815204786806136,14.983675863144283,18.589444057669155,7.087770965073006,7.603237784050362,Slow Growth
2015-04-01,18782.243,236.222,5.4,0.12,172.56031799316406,97.18717956542967,101.15284729003906,115.5999984741211,52.87900161743164,22.38446807861328,1.908997959421388,6.056419681653047,5.883333333333333,0.9712564969106108,0.8338520733028432,9.64147947912486,-0.8406273301949208,2.394307425805575,10.916086540554382,10.511922507159186,12.067050140502774,17.370362481723703,18.25148445322536,7.334033204220669,13.011455291788122,Moderate Growth
2015-05-01,18782.243,237.001,5.6,0.12,176.77162170410156,100.88777160644533,95.1237335205078,113.08000183105467,53.34872817993164,21.62420654296875,2.2027400568365607,6.056419681653047,5.766666666666667,2.440482122375509,3.8076956832812314,-5.960399465814126,-2.179927920700242,0.8883045218939012,-3.3963797262214435,10.426196640565301,12.003044940903253,18.418708359681663,16.82320053651404,7.242332672032423,13.570714565561248,Moderate Growth
2015-06-01,18782.243,237.657,5.3,0.13,177.4846954345703,102.15522003173828,93.1224594116211,114.0,53.50895690917969,22.125289916992188,2.0425075139544946,5.161084967064089,5.616666666666667,0.4033869936784118,1.2562953915140174,-2.1038641302438488,0.8135816714257116,0.30034217255869855,2.317233573531352,10.696961877634768,12.19269569231335,14.308855398130099,10.031138560046164,5.744692864316597,13.623153047552396,Moderate Growth
2015-07-01,18857.418,238.034,5.2,0.13,174.91714477539062,100.07198333740234,89.08213806152344,111.9800033569336,52.42005157470703,21.796995162963867,1.9609690905352695,5.58198701600463,5.466666666666666,-1.4466321464468024,-2.039285602525942,-4.338718474174497,-1.7719268798828125,-2.034996377000675,-1.4837986542096782,10.812411569689282,13.107094766912788,14.310870657514446,8.46889157033479,6.404454541182776,13.711020427507082,Moderate Growth
2015-09-01,18857.418,237.498,5.0,0.14,161.6571044921875,93.70159149169922,94.43074035644533,109.1999969482422,51.193138122558594,21.520536422729492,1.6386426954366984,4.669538941928031,5.3500000000000005,-7.580755048471788,-6.365809523555399,6.00412429619499,-2.4825918247476597,-2.3405422453655733,-1.2683341816954519,14.378588749395174,16.100515481784377,15.039754920287294,8.583739951332689,7.02898401223485,13.243626842103197,Moderate Growth
2015-10-01,18892.206,237.733,5.0,0.12,162.80264282226562,95.01710510253906,96.007080078125,106.7300033569336,49.50349807739258,21.676042556762695,1.5519008970525494,4.862632393041633,5.25,0.7086223235759359,1.4039394527854743,1.6693078077430146,-2.2618989563519154,-3.300520552424324,0.7225941351023168,14.092748414815171,16.01841215509998,14.992042818136383,8.007976554557725,7.657548222302666,13.24009575970327,Moderate Growth
2015-12-01,18892.206,237.761,5.0,0.24,178.52105712890625,107.04529571533205,95.65715789794922,102.27999877929688,50.50591278076172,22.427661895751953,0.5467970296192393,3.883748248850427,5.183333333333334,9.654888909758474,12.658973981382182,-0.36447539065976864,-4.169403576944264,2.0249371101048075,3.4675118256527027,15.093032050885082,18.12445455701761,15.082504720409677,8.375119710109827,6.759765082701661,13.083054864866785,Disinflation
2016-02-01,19001.69,237.336,4.9,0.38,165.06715393066406,97.34923553466795,99.04203033447266,108.0500030517578,48.07569122314453,22.19440269470215,0.17643235212183583,4.485774729679459,5.066666666666666,-7.536311634390225,-9.057904054419208,3.5385458975631945,5.641380857768308,-4.811756532678457,-1.0400513532531241,17.482698546794786,21.17032427770304,14.992958733122713,10.94689196242924,8.118305319434798,13.116785914942787,Disinflation
2016-03-01,19001.69,238.08,5.0,0.36,168.8688507080078,98.63587188720705,100.60862731933594,117.7699966430664,49.8629035949707,22.030254364013672,0.24505469519744416,3.231112654731705,5.016666666666667,2.30312129749366,1.3216707306149322,1.5817496668563358,8.9958290761478,3.7174969851827555,-0.7395933693122525,16.913549542261077,19.824112410863194,14.970220441200228,14.421559359341142,8.893835714266087,13.238496498002794,Disinflation
2016-04-01,19062.709,238.992,5.1,0.37,177.28819274902344,103.2020492553711,102.58326721191406,116.93000030517578,50.3739013671875,21.192241668701172,0.6451612903225712,3.5626126035825267,5.0,4.985728277131196,4.629327323618737,1.9626943982751444,-0.7132515596790401,1.024805487397118,-3.803917473968843,17.206800013152282,20.03329882647534,14.956230599909093,14.25787715393476,8.746496112312805,14.268029136309298,Disinflation
2016-06-01,19062.709,240.222,4.9,0.38,180.15847778320312,103.19270324707033,102.79620361328124,115.94000244140624,52.08002853393555,21.339109420776367,1.1759255359474308,3.041497606139143,4.983333333333333,1.6189939045985868,-0.009056029767040563,0.20757420498929147,-0.8466585659674619,3.3869268022575394,0.6930260345799244,17.21270663973288,20.03618860653788,14.815718916524785,12.873900322510645,9.4600388729035,13.529590443341712,Expansion
2016-07-01,19197.938,240.101,4.8,0.39,180.79393005371097,101.3391342163086,111.00015258789062,128.41000366210938,53.03474807739258,21.390945434570312,1.6291925571000343,3.7724639488441847,4.95,0.3527184944760231,-1.7962210238099963,7.98078984071493,10.755564048746002,1.8331778425100698,0.24291554427982032,16.385325613522056,18.928957261800747,16.200456412695313,16.763851738493692,9.532041838836834,13.432649155856977,Expansion
2016-08-01,19197.938,240.545,4.9,0.4,186.8399200439453,108.61515045166016,110.56993103027344,129.22000122070312,53.324073791503906,21.373668670654297,1.830058165623849,2.2132340636845216,4.933333333333334,3.3441332839206472,7.179868164080516,-0.3875864560425102,0.6307900751448603,0.5455399046849774,-0.08076671491150655,16.61840856625912,20.061339713682592,13.71877920560718,16.66032028710454,9.255055389466241,7.2599247740744115,Expansion
2016-09-01,19197.938,241.176,5.0,0.4,187.22752380371097,109.45899963378906,110.7710952758789,125.29000091552734,54.78837585449219,21.365028381347656,1.761595942633143,2.2132340636845216,4.95,0.20745232585974716,0.7769166443354125,0.18193395232415366,-3.041325079747892,2.746043126250397,-0.04042492395562869,16.523396408279517,19.83991031079625,11.624202059661556,16.862654530686,9.606823024596224,6.4627049898964195,Expansion
2016-11-01,19304.352,242.026,4.7,0.41,182.6506195068359,109.14108276367188,104.21387481689452,122.7300033569336,54.51298141479492,21.84882926940918,1.8383636922118862,2.7798011132110334,4.8999999999999995,-2.4445680869408237,-0.29044379281815136,-5.919613273348457,-2.043257674105803,-0.5026512200848265,2.2644523537534766,16.800582133611133,19.86392361477659,13.351048305144582,17.130058922206885,9.636441271948616,6.441487726629832,Expansion
2016-12-01,19304.352,242.637,4.7,0.54,190.06027221679688,108.53947448730467,94.6368408203125,111.54000091552734,54.48051834106445,22.557252883911133,1.9337573623936066,2.370069963979149,4.833333333333333,4.056735602631578,-0.5512207329570806,-9.189787841023112,-9.117576904860469,-0.0595510883608652,3.242387066907182,17.058911383663116,19.694998229005563,16.074569063769303,19.682642282514557,9.336512862517548,7.031749059904659,Expansion
2017-02-01,19398.343,244.006,4.6,0.66,198.1896820068359,118.25033569335938,95.38602447509766,115.1999969482422,56.46028900146485,22.246238708496097,2.740233601967179,2.8684998126466743,4.783333333333333,4.2772798834919135,8.946847450593221,0.7916406003108722,3.2813304668041887,3.6339056981918416,-1.3787768263078926,14.650575361888306,19.548131175518208,14.972112846201924,19.69762137563499,9.366079007168672,7.0595189683547765,Expansion
2017-03-01,19398.343,243.892,4.4,0.79,208.77737426757812,123.9163589477539,95.86663818359376,119.05999755859376,57.324119567871094,22.71276092529297,2.5907215237261916,2.679078345853325,4.716666666666667,5.342201548301095,4.7915494033669015,0.5038617671099033,3.3506950630266097,1.5299790023813653,2.0970835695415913,15.004532034007832,19.709206612376814,14.89002039244233,19.60974114843556,8.202439454308177,7.280521763299094,Expansion
2017-05-01,19506.949,244.004,4.4,0.91,208.72378540039065,129.61563110351562,97.5675811767578,119.66999816894533,57.5265007019043,22.10801124572754,2.6257460222660622,3.253950332745692,4.633333333333334,-0.025667947676544234,4.599289556405273,1.774280422670671,0.5123472390895722,0.35304708656465067,-2.6625987107185223,12.687576809281753,16.514147064673672,14.97468377294581,18.789366517241028,8.201790938014836,7.049465964496432,Expansion
2017-06-01,19506.949,244.163,4.3,1.04,212.81637573242188,133.9991455078125,100.25337982177734,120.72000122070312,58.25914001464844,21.693323135375977,2.8765126234536753,2.659021381782356,4.516666666666667,1.9607685459424262,3.381933465105025,2.752757230041225,0.8774154490045483,1.2735683620677563,-1.875736834681152,8.15782555126092,11.625974698119382,14.806225160654114,18.225671017818748,5.058834762336828,7.218476106540842,Expansion
2017-08-01,19660.766,245.183,4.4,1.16,217.3340759277344,135.99359130859375,101.07626342773438,120.6500015258789,58.818233489990234,20.829391479492188,2.9834509408602106,3.468512537569035,4.466666666666666,2.122816056689514,1.4884018798948073,0.8208038546130725,-0.05798516742576698,0.9596665436551577,-3.982477237316162,8.156485490885387,11.604830281410063,14.747447326183076,16.039185788933096,4.538482707913051,8.164045222673469,Expansion
2017-09-01,19660.766,246.435,4.3,1.15,217.79100036621097,138.30496215820312,102.9989776611328,126.05999755859376,58.858306884765625,20.803470611572266,3.1143301867845086,3.1373137994185507,4.3999999999999995,0.21024058768790432,1.6996174800358421,1.9022411080451995,4.484041412593309,0.06813090498920538,-0.1244437118839592,7.732151413378019,11.459531139032435,14.739343332485669,16.516318505506845,4.720492705531903,7.293014375407366,Moderate Growth
2017-11-01,19882.352,247.284,4.2,1.16,227.3939666748047,144.39883422851562,101.7940444946289,121.11000061035156,59.145286560058594,21.27863311767578,2.939780702849859,4.29971941553533,4.333333333333333,4.409257633440555,4.406112387595962,-1.1698496372149703,-3.926699225851882,0.4875771840580301,2.284054016637005,8.170830478253373,11.245888399782878,14.794494486967002,17.113881092989768,4.192389947625448,7.654381003657828,Expansion
2017-12-01,19882.352,247.805,4.1,1.3,233.54928588867188,146.66781616210938,103.47369384765624,121.58999633789062,58.96511459350586,20.8812255859375,3.2086496932540953,3.565039120347202,4.283333333333333,2.706896451069829,1.571329814202671,1.6500467796187746,0.3963303815705199,-0.3046260776330523,-1.8676365607721346,7.9952130503555345,10.168969064943632,12.197057383844502,12.955607406468044,4.3125051741794636,7.86891932975343,Moderate Growth
2018-02-01,20044.077,249.529,4.1,1.42,249.9393310546875,159.78924560546875,99.10505676269533,128.07000732421875,59.04446792602539,20.001567840576172,3.7348521066744356,4.407447299808975,4.233333333333333,7.017810011129044,8.946359049115781,-4.221978478310473,5.329394836332257,0.1345767460414038,-4.212672966637243,9.313708365839208,11.045174762537306,12.740826354464405,14.155104329557412,4.36797821980271,8.838796669709803,Moderate Growth
2018-03-01,20044.077,249.577,4.0,1.51,237.61895751953125,156.47850036621094,98.1695556640625,124.72000122070312,58.254241943359375,20.41664695739746,3.483348260191721,4.407447299808975,4.183333333333334,-4.929345646868411,-2.071944971460893,-0.9439489055264483,-2.6157616240583437,-1.3383573608556576,2.0752329023889793,11.776138097657581,12.078119264293765,12.69161055181821,14.06132094263173,4.353618290680565,9.20980470631254,Moderate Growth
2018-05-01,20150.476,250.792,3.8,1.7,236.14663696289065,155.11248779296875,97.8443374633789,123.70999908447266,58.83097076416016,21.00467300415039,3.6219249171576484,4.383073827083139,4.083333333333333,-0.6196140964550678,-0.8729714114368847,-0.33128213577383603,-0.80981568821763,0.9900202999148844,2.8801303562722147,11.13899163742942,12.26782653330232,11.46997985500185,13.915385586838378,4.2252619306026835,9.418331044985988,Moderate Growth
2018-06-01,20150.476,251.018,4.0,1.82,243.82861328125,164.6033172607422,99.63703155517578,122.48999786376952,58.95144271850586,21.445690155029297,3.4541310682212556,4.383073827083139,4.033333333333333,3.2530534489748186,6.1186752935334265,1.8321899235792083,-0.9861783442986605,0.20477641755842768,2.099614456229637,11.022076973439425,11.95413378037488,6.587405558406035,9.7714740284785,4.18532702075433,9.010774985120758,Moderate Growth
2018-08-01,20276.154,251.663,3.8,1.91,251.4225616455078,169.13827514648438,98.55508422851562,115.13999938964844,59.91682815551758,21.627290725708008,3.138037589239606,4.525185475893467,3.966666666666667,3.114461531837698,2.755082923729013,-1.0858887602056,-6.0004886948365925,1.6375942512916186,0.8467928491269427,10.836308644781822,10.430137619665311,6.7458230052569235,11.479574421770026,2.9283684059064443,9.018934054241045,Moderate Growth
2018-10-01,20304.874,252.772,3.8,2.19,262.3354797363281,178.1003875732422,97.06696319580078,112.56999969482422,60.77838134765625,21.878068923950195,3.6409558329096425,4.673239358640058,3.9166666666666665,4.3404688980167805,5.2986897371372965,-1.5099383703679803,-2.232065058578825,1.4379152212504742,1.1595451386987143,10.546414624107618,10.533389071944493,6.973022916264917,11.076826856336304,2.8942807945224236,8.804209539806106,Moderate Growth
2018-11-01,20304.874,252.594,3.8,2.2,245.9512939453125,164.6019744873047,95.0072021484375,116.62999725341795,59.67750549316406,22.18072509765625,3.5204340912444065,4.09046540286746,3.866666666666666,-6.245508921432696,-7.579103712161439,-2.1220000910179837,3.6066425953631853,-1.8112951185637938,1.3833770007678048,13.30061818133952,14.822106781004699,7.054211763479156,11.771120716367722,3.703695270531661,8.536175570292302,Moderate Growth
2019-02-01,20431.641,253.319,3.8,2.4,244.26707458496097,160.65008544921875,102.03814697265624,124.5,60.76708984375,22.19201278686523,3.7499539242227486,4.740321000480385,3.8333333333333326,-0.6847775969521908,-2.400875840277805,7.400433509486692,6.747837547729518,1.8257873575341588,0.0508896312419127,13.450982042328217,15.39158009964769,10.066160109864565,13.65008231787426,3.896317357383887,8.27406865957092,Moderate Growth
2019-03-01,20431.641,254.277,3.8,2.41,253.63763427734375,167.30828857421875,100.30940246582033,121.87999725341795,61.70939636230469,22.49793243408203,3.7090662892614867,3.9208797866777,3.8333333333333335,3.8361943410934574,4.144537555882377,-1.6942139367732478,-2.104419876772723,1.5506856112044165,1.378512396125986,13.682916068285428,15.595899918690154,10.206097148550759,13.86491140353619,4.038179554608085,6.9348163762298185,Moderate Growth
2019-04-01,20602.275,255.233,3.7,2.42,259.66973876953125,174.96551513671875,105.3680648803711,121.52999877929688,62.314090728759766,22.733924865722656,3.570109765252494,4.788770691843847,3.783333333333333,2.378237168696984,4.576716806892223,5.0430590654494845,-0.28716646045975347,0.9799064682221692,1.0489516418100697,13.654622031691458,15.832318425656396,11.279744282351723,13.036881115052335,4.057623465903201,6.888623086315675,Moderate Growth
2019-05-01,20602.275,255.296,3.6,2.39,265.1023864746094,181.5876922607422,105.19019317626952,120.4000015258789,62.73750686645508,22.899993896484375,3.2399993529706794,3.620914668445674,3.75,2.092137393760707,3.784847041914996,-0.16880988020755439,-0.9298093184959888,0.679486987202238,0.73048992526632,13.317396072372873,15.744448145558378,11.187562359096717,12.443344199530078,4.062401296945889,6.686006481365674,Moderate Growth
2019-07-01,20843.322,255.802,3.7,2.4,269.90643310546875,182.3070526123047,112.7218780517578,130.6199951171875,63.693077087402344,22.86503028869629,3.227134238615026,4.83328129388314,3.733333333333333,1.8121476365206224,0.39615039026410503,7.160063736043609,8.488366662613277,1.5231243137878048,-0.15267955068517525,13.248187480799679,15.824847354904238,13.095945383061444,15.071388671067549,4.0791627328061235,6.188228207269253,Moderate Growth
2019-08-01,20843.322,256.036,3.6,2.13,269.15777587890625,183.1643829345703,115.5256118774414,136.41000366210938,63.74217987060547,23.29331398010254,2.6077129311623093,3.9874372863365037,3.7000000000000006,-0.2773765774859993,0.47026722772423035,2.4873022647797116,4.432712265627692,0.07709281047254546,1.873094791472818,11.722363020280493,13.87140854733645,11.970795351991026,14.793995903477306,4.087501163642511,3.0194862704721497,Expansion
2019-10-01,20985.448,257.155,3.6,1.83,268.9333801269531,180.75396728515625,122.78942108154295,139.6300048828125,64.34699249267578,23.607969284057617,3.0363374830212564,4.696504608318941,3.6666666666666665,-0.08336959659455134,-1.315984915186874,6.28761803210145,2.3605315843837626,0.9488420748993143,1.350839576643592,10.083088799576592,13.69527521341703,12.632362192043722,14.443396795059172,3.4690821717816407,2.8960351006296343,Moderate Growth
2019-11-01,20985.448,257.879,3.6,1.55,280.76416015625,191.95030212402344,120.68539428710938,142.55999755859375,64.76486206054688,23.23213005065918,2.8258477144406546,4.143683752185323,3.6333333333333333,4.399148972772382,6.194240163594267,-1.71352448435792,2.0983976031801355,0.649400308675907,-1.592001535058929,10.40605308616699,14.292934589441709,12.974650756353524,14.332985781680222,3.4694133423365185,3.492310746740564,Expansion
2020-04-01,19056.617,256.032,14.8,0.05,228.19053649902344,176.72386169433594,144.55810546875,149.4499969482422,56.821746826171875,24.07168197631836,1.9974663171565377,-5.428452409759455,5.483333333333334,-18.72519043312667,-7.932490994387365,19.78094476357899,4.833052404351057,-12.264544355779217,3.6137535552206446,22.516778584351613,16.476635465592388,22.152375997525297,14.51553100262156,13.562763439784165,4.315467836579244,Recession
2020-05-01,19056.617,255.802,13.2,0.05,262.1571960449219,206.2214813232422,145.5342254638672,159.77999877929688,60.2218132019043,23.91120147705078,1.6446597235191485,-6.014636700826004,7.083333333333333,14.885218321069061,16.69136207532955,0.6752440424921069,6.912012072259999,5.983741376578666,-0.666677548438277,27.09601517585761,22.982758747617453,21.83785312146859,12.611462666431622,14.850985124827629,4.618970592827883,Recession
2020-06-01,19056.617,257.042,11.0,0.08,283.2567138671875,226.88819885253903,140.8016815185547,163.66000366210938,63.56157302856445,23.58133316040039,1.6892693811023207,-6.147573237834425,8.299999999999999,8.048422145410083,10.021612392989642,-3.251842602816124,2.4283420405904144,5.5457643154366965,-1.3795555901571444,27.88992893619557,24.206201740244904,22.334906066246692,11.372124889810374,15.783961273289853,5.104603194933049,Recession
2020-07-01,20548.793,258.352,10.2,0.09,289.13079833984375,243.2369842529297,141.95703125,166.6199951171875,62.91153717041016,23.411937713623047,2.2795474160114626,1.2012830022978704,9.4,2.0737670759714,7.205657007756572,0.8205510892943968,1.808622381060987,-1.0226868643766318,-0.7183455050022602,26.765619286418627,22.07549832146891,21.738093314256673,11.446564125325402,15.67875183790221,5.200935462906384,Slow Growth
2020-09-01,20548.793,259.997,7.8,0.09,328.312255859375,291.2357177734375,142.65855407714844,185.0500030517578,66.23395538330078,22.244016647338867,2.636201785101,0.5733851725370664,10.1,13.551464508280242,19.73332043559477,0.4941796971739798,11.061102193412076,5.281095268569103,-4.98857070512615,29.097531008865538,26.323760122311256,21.505971249178504,13.574967042337608,16.354140466240604,7.547182281580466,Recession
2020-10-01,20771.691,260.319,6.9,0.09,315.080322265625,274.0773620605469,142.37062072753906,178.6999969482422,65.48583221435547,22.564971923828125,2.37614884555033,1.6643303393985898,10.65,-4.030289262005981,-5.891569840426891,-0.20183391838786147,-3.4315082403643893,-1.1295160686325745,1.4428836373292953,29.855022640580902,28.629364311524515,21.200724302793674,14.214484128055636,16.44424944016316,7.559886557240576,Slow Growth
2020-12-01,20771.691,262.045,6.7,0.09,342.1720886230469,294.67315673828125,137.55101013183594,170.17999267578125,67.89482879638672,21.931976318359375,2.6689338761053616,0.8223169528607688,9.299999999999999,8.598368239125541,7.514591691518291,-3.385256432172634,-4.767769679889044,3.678653077425742,-2.8052133528263745,30.54084277435567,28.788861451881886,22.025043262728936,16.041735901287527,16.730455970635685,7.973687997784772,Recession
2021-02-01,21058.379,263.573,6.2,0.08,353.2161560058594,313.6517639160156,133.0402069091797,174.22999572753906,69.00637817382812,21.87848472595215,3.2421189521183225,2.213852596375876,8.133333333333333,3.2276353770570587,6.440561939135336,-3.279367573042802,2.379835013551612,1.637163532402286,-0.24389773010309312,30.537484385437743,28.815287547796473,22.634402806624525,15.502855356228423,16.748506510064175,7.898920437589001,Slow Growth
2021-03-01,21058.379,264.847,6.1,0.07,365.74951171875,314.7899169921875,123.6133804321289,161.52999877929688,69.38776397705078,21.87848472595215,3.535937952009749,1.031778907412173,7.316666666666666,3.548352899430429,0.3628715687620465,-7.085697396341272,-7.289213832101815,0.5526819597196253,0.0,30.526188611189554,28.821056957944393,23.65858562184402,17.544490996896787,16.737799989883044,7.904671324209085,Slow Growth
2021-04-01,21389.005,266.625,6.1,0.07,377.3366394042969,316.1420593261719,120.6672592163086,161.97999572753906,69.5986099243164,22.297508239746097,4.135746535643414,2.6180231730815295,6.633333333333334,3.1680500764296404,0.4295380064597065,-2.383335206529613,0.2785841339954631,0.30386617925224346,1.9152309633989617,30.32446513743451,28.82800319600328,23.818423556774995,17.381895753649783,16.728232797715535,7.917658731082504,Slow Growth
2021-06-01,21389.005,270.71,5.9,0.08,395.2893371582031,324.1778259277344,121.63419342041016,177.89999389648438,70.13159942626953,21.557525634765625,5.271139973945682,1.92303256999804,6.316666666666666,4.757740404496169,2.541821426320179,0.8013227534804823,9.82837300213526,0.7658048092235026,-3.3186784685717785,30.13468027913734,28.163056820582398,22.997699212340578,19.261557184153503,16.72801899410277,8.202106367384586,Slow Growth
2021-07-01,21571.421,271.965,5.4,0.1,406.7506103515625,345.7637023925781,127.04486083984376,166.1999969482422,70.9867172241211,22.199438095092773,5.462251676173691,2.7922825378805305,6.066666666666666,2.899464295130305,6.658652979447055,4.448311175733655,-6.576727009361294,1.2193045714729012,2.9776722579512693,30.129980033567694,28.18339776574093,23.289512246153212,21.160767701758054,16.730948204796658,8.918879745182823,Slow Growth
2021-09-01,21571.421,273.942,4.7,0.08,426.945068359375,371.1276550292969,131.53111267089844,169.6999969482422,71.414794921875,22.145946502685547,6.9952193475815605,13.19648707847778,5.733333333333333,4.9648254959858695,7.3356319536168835,3.531234401295591,2.105896548897035,0.6030391522436007,-0.24095921787791186,17.89579174699406,24.210056100349295,11.27403914551836,20.859478784767422,8.745862986554291,7.815944294861465,Moderate Growth
2021-10-01,21960.388,276.528,4.5,0.08,411.6656799316406,351.623779296875,128.56690979003906,164.58999633789062,71.26016235351562,22.52039337158203,8.102360419386878,15.237599622220465,5.45,-3.578771500148392,-5.25530109872363,-2.253613476437355,-3.0111966424549164,-0.2165273575714055,1.6908144741119013,16.794747896645898,24.165047581140968,11.254876450874951,20.261496421380304,7.770899952417077,8.164428337764669,Moderate Growth
2021-11-01,21960.388,278.824,4.2,0.08,436.1243896484375,378.2263793945313,129.6961212158203,167.52000427246094,70.79281616210938,22.440155029296875,8.47410150870287,15.237599622220465,5.133333333333334,5.941401216846254,7.5656430719367895,0.8783064224109793,1.7801859163756317,-0.6558309383127514,-0.3562919215541194,16.358379809090238,23.70183486505252,11.101678519524535,20.201030560953228,6.574450656287392,8.104297122171463,Moderate Growth
2021-12-01,21960.388,280.806,3.9,0.08,427.080322265625,377.923828125,135.0854034423828,166.16000366210938,70.05023956298828,22.975082397460938,8.691242955347755,6.869478903213433,4.766666666666667,-2.073735750046668,-0.07999211213549628,4.155314882234973,-0.8118437056267025,-1.0489434371711681,2.3837953323659455,17.322204534345396,23.931115798595094,12.039741405762253,20.16414806829232,6.58295314426631,8.547574275799603,Moderate Growth
2022-02-01,21903.85,284.525,3.8,0.08,430.9115905761719,357.29266357421875,125.9851531982422,168.22999572753906,70.01506805419922,23.00182723999023,9.433955007173145,6.594338655316623,4.416666666666667,0.8970837827934286,-5.459080114937187,-6.736664371011846,1.2457823903513354,-0.05020897716907502,0.11640803748433903,13.428185904525014,18.42874925094322,13.557899027223069,16.39559910222388,4.580654293950401,6.707520830772871,Moderate Growth
2022-03-01,21903.85,287.467,3.7,0.2,409.0592041015625,333.80352783203125,125.7780990600586,181.6199951171875,68.94590759277344,23.251461029052734,10.428743195848167,5.450490285071163,4.133333333333334,-5.071199511108659,-6.574200406806896,-0.16434804651767054,7.959341217207494,-1.5270433795738558,1.0852780801192008,13.99687582695253,18.751275788271272,13.560235255409856,18.17722568279476,4.746487347232472,6.650151795705084,Moderate Growth
2022-04-01,21919.222,288.582,3.7,0.33,432.2216491699219,354.14251708984375,118.01849365234376,179.5,68.24424743652344,23.48326110839844,10.12688660344596,5.524494852152406,3.966666666666667,5.662369856518024,6.093101948295465,-6.169281827044982,-1.1672696697407114,-1.0176965983163644,0.9969269417352766,12.80684188645334,18.32694014107571,14.366132044021164,17.432096455876902,3.3740652409318685,5.761500859332306,Moderate Growth
2022-06-01,21919.222,295.072,3.6,1.21,390.8717956542969,299.482177734375,103.97267150878906,172.22999572753906,66.21621704101562,24.44612693786621,11.950768857204652,4.087888246289051,3.8166666666666664,-9.56681683923909,-15.434560019688847,-11.901373851568186,-4.050141655967099,-2.9717235835799327,4.1002219624574066,17.153482759552563,24.223688305038326,17.89033165521058,17.879991370992432,4.078873938090229,6.649867021897919,Moderate Growth
2022-07-01,22066.784,294.94,3.5,1.68,365.3890380859375,276.6513366699219,103.81999206542967,168.32000732421875,62.36589813232422,25.007801055908203,11.362409240051807,4.788616445738758,3.7000000000000006,-6.519466958648856,-7.623438976292906,-0.14684574431319541,-2.27021337764286,-5.814767259063503,2.297599613507595,18.406506100470004,25.3299933144855,17.023643615436256,16.272594394265187,6.694956925864395,6.690150258353624,Moderate Growth
2022-08-01,22066.784,295.162,3.6,2.33,393.6911926269531,309.1478271484375,107.79827880859376,165.02999877929688,65.9352798461914,25.123703002929688,10.703047351148598,3.1688196809528835,3.65,7.745759065262137,11.746370312061005,3.8319081556632106,-1.9546152577005538,5.723290805968806,0.4634631680025425,19.752567049510464,28.292297960171457,17.723667956334523,16.44942218942666,9.383165495565821,6.663464518532324,Moderate Growth
2022-09-01,22066.784,296.421,3.5,2.56,379.9378051757813,293.58599853515625,98.63099670410156,157.8699951171875,63.24147415161133,26.184640884399418,9.497617376528389,3.1688196809528835,3.6,-3.493445550407326,-5.033782303056345,-8.504108048672643,-4.338607353251467,-4.085530084749733,4.222856325542512,19.536724990284924,28.599255630294028,19.183207718411825,13.244669712164583,9.953430306212304,5.472363458774719,Moderate Growth
2022-11-01,22249.459,298.708,3.6,3.78,370.0464172363281,270.2524719238281,87.50784301757812,153.4600067138672,63.13658142089844,26.764142990112305,9.833250602099564,3.1432236198069674,3.5833333333333335,-2.603422929938981,-7.947765468295653,-11.277543630521658,-2.7934303792476634,-0.16586066678557776,2.213137496409767,19.3638805863778,28.336674442475076,20.205380068169674,11.961410399268997,9.73784630246486,5.320523370347576,Moderate Growth
2022-12-01,22249.459,298.808,3.5,4.1,392.0460205078125,288.5339050292969,95.86508178710938,167.83999633789062,65.15293884277344,25.19502639770508,9.077103912507024,3.1432236198069674,3.5500000000000003,5.9450928982875295,6.764575722593746,9.550273988415526,9.370512833897848,3.1936436476232455,-5.862756722630403,19.69545505298995,28.14262957910825,22.997761720084977,15.455704455263803,10.499233555393097,9.069814340705687,Moderate Growth
2023-02-01,22403.435,301.476,3.6,4.57,397.1526489257813,296.31451416015625,98.5487289428711,181.6699981689453,66.80511474609375,24.508398056030273,9.021871202916154,2.017482569069373,3.5500000000000003,1.302558411727861,2.696601333583093,2.799400058638013,8.239991737852836,2.535842484875972,-2.7252535116905063,19.482904972528726,28.19165626160325,23.57937408058665,17.077292784382948,10.992337412944622,9.807765389600267,Moderate Growth
2023-03-01,22403.435,301.643,3.5,4.65,381.6261901855469,286.74322509765625,91.6593780517578,170.75999450683594,64.68042755126953,25.4257755279541,8.184015723180194,2.017482569069373,3.5499999999999994,-3.909443581008565,-3.230111454252549,-6.990806441661023,-6.0053964727646125,-3.180425934300868,3.743114787945556,18.59142743568699,26.59011403000551,23.852525913455466,18.38144962878415,11.318846087111385,10.156313601597398,Moderate Growth
2023-05-01,22539.418,303.316,3.6,5.06,403.2393493652344,317.7501220703125,94.65692138671876,183.97000122070312,65.98125457763672,25.084007263183594,8.016210479833052,2.6367020473408775,3.5500000000000003,5.663437084645362,10.813471516928153,3.270307303709097,7.736007928565702,2.011160215872221,-1.3441802960729943,19.67067805186699,29.521154790466223,23.592906686010508,19.760594385841515,11.625661344799736,10.319614242966534,Moderate Growth
2023-06-01,22539.418,304.099,3.6,5.08,409.3629760742187,347.15911865234375,94.89927673339844,183.7599945068359,65.86209106445312,25.4257755279541,6.879536068886738,2.9016268829452407,3.566666666666667,1.5186084191991522,9.255384825792001,0.25603552611808134,-0.11415269471857226,-0.18060207243161264,1.3624946811115368,19.72268861637147,30.79024168267458,23.323511894842966,19.788742067856713,11.621551851392942,10.308010920913755,Moderate Growth
2023-08-01,22780.933,306.138,3.7,5.33,444.64501953125,378.0328369140625,90.8104476928711,180.4600067138672,67.04415130615234,25.49772834777832,6.495006383341395,4.004241263522168,3.5833333333333335,8.618767577709452,8.893247102818203,-4.308598738865143,-1.7958140463733896,1.7947505501191063,0.2829916426545509,20.8136135968514,31.00209369024881,23.312511742287292,18.335024480516385,11.761675029341244,10.32174354247957,Moderate Growth
2023-09-01,22780.933,307.374,3.8,5.33,439.4921569824219,372.8974609375,88.02941131591797,180.11000061035156,67.62847137451172,26.145288467407227,6.511840655342338,3.9313028537235395,3.6333333333333333,-1.1588710819836257,-1.3584470646738844,-3.0624630178664347,-0.19395217250024466,0.8715451787749906,2.539677695190945,20.20688347514986,30.66947840336503,22.97872946794175,18.28906820553387,11.766586108339384,10.466091831243716,Moderate Growth
2023-11-01,22960.6,308.087,3.7,5.33,413.1540832519531,353.0341491699219,79.50271606445312,183.5099945068359,66.34588623046875,27.017698287963867,4.410787875501576,4.750980668930671,3.6500000000000004,-5.992842719039048,-5.326748998944608,-9.686189108847309,1.8877318777205776,-1.8965165380425253,3.3367764201347017,18.55234599079165,26.169922329284777,22.047104213588035,17.756728762452436,11.519104045674597,10.240107569170972,Moderate Growth
2023-12-01,22960.6,308.735,3.8,5.33,448.7745056152344,385.6514587402344,87.14884185791016,192.0099945068359,69.50237274169922,26.262210845947266,4.677222485929344,4.0505041423344545,3.7000000000000006,8.621583038200043,9.239137246922024,9.61743972024589,4.631900307578807,4.757622047982957,-2.796268704922078,18.39778383775835,25.06977024750057,24.927342106123117,17.8607031418067,10.430024006642174,10.724942297410307,Moderate Growth
2024-02-01,23053.545,311.022,3.9,5.33,480.1363525390625,418.29345703125,92.66287994384766,190.41000366210935,71.62517547607422,26.49433708190918,5.373320413874416,4.471702809072675,3.75,6.988330783370489,8.464118973552882,6.3271501587224055,-0.8332851885319958,3.0542881496495866,0.8838792641013837,18.147091935130035,24.01951067426804,25.593758832090085,17.67736201000371,9.386295562589046,10.733626157659032,Moderate Growth
2024-03-01,23053.545,312.107,3.9,5.33,503.3481140136719,441.8216552734375,89.38687133789062,192.88999938964844,71.69874572753906,26.8292236328125,5.29179781459479,4.471702809072675,3.7999999999999994,4.83441034028369,5.624806663047988,-3.535405556078386,1.3024503334078785,0.10271563172563614,1.2639929425974916,17.39654585707142,22.562904192347908,24.46193253261156,16.574546840155904,7.8535225117482845,9.992734169774511,Moderate Growth
2024-04-01,23223.906,313.016,3.9,5.33,514.077880859375,441.7507019042969,87.85990142822266,207.82000732421875,71.91556549072266,27.25022315979004,4.7899621034589,4.379643567962699,3.8333333333333335,2.131679159408084,-0.016059278284286105,-1.708270897966524,7.740166925093339,0.3024038440051946,1.5691826671519804,16.507112550323818,19.265609468190945,21.604380858033785,16.74589266104856,7.78649447800383,9.874169951687495,Moderate Growth
2024-05-01,23223.906,313.14,4.0,5.33,492.60552978515625,418.4891357421875,84.36662292480469,213.7899932861328,71.60941314697266,27.69993019104004,4.7963909935476945,4.379643567962699,3.8666666666666667,-4.17686733347169,-5.265767787540243,-3.975964514678876,2.872671423112938,-0.4257108202667115,1.650287517327853,17.528678663121816,21.2528538647319,19.341199248710044,15.08528194923167,7.570053726000719,7.400249096148997,Moderate Growth
2024-07-01,23400.294,313.566,4.2,5.33,538.63134765625,479.2153625488281,86.21875,215.57000732421875,72.73067474365234,27.881723403930664,4.010269474186989,4.449581057547647,3.9499999999999997,9.343341698004748,14.510825161313479,2.1953315315774713,0.83259932362858,1.5658019629045006,0.656294841311289,18.948032869508317,23.98538813070009,19.22367084127416,13.548600590735154,7.38910035208928,6.331430797394534,Moderate Growth
2024-08-01,23400.294,314.131,4.2,5.33,536.3298950195312,457.0802612304687,91.70172882080078,225.77000427246097,74.29309844970703,27.613815307617188,4.139993303342027,4.449581057547647,4.016666666666667,-0.42727788620789964,-4.6190299911564425,6.35938101723903,4.731640117681746,2.1482321064140164,-0.9608735171503291,17.913304943909573,24.4958755533476,19.295369408013265,11.086307279268402,6.12483874193331,5.91973948686123,Moderate Growth
2024-10-01,23542.349,315.564,4.1,4.83,563.3475952148438,479.241455078125,95.37696838378906,245.61000061035156,76.4847183227539,27.07799530029297,4.038032942541792,4.44967567485548,4.05,5.0375152394458,4.848425042026094,4.00781927478191,8.787702512485907,2.9499642884466493,-1.9404055591565217,17.822370567214293,23.438365834357857,19.43921335664382,11.672904421642585,6.332988095723826,6.169504033695721,Moderate Growth
2024-11-01,23542.349,316.449,4.2,4.64,565.7450561523438,485.3755187988281,88.26568603515625,252.47000122070312,75.79046630859375,28.053951263427734,4.0611774455029614,4.44967567485548,4.1000000000000005,0.42557400756910724,1.2799526534496453,-7.45597440255974,2.793046127317367,-0.9077002954113289,3.6042400935205388,17.950848346525916,22.717348183996954,20.89344892122407,11.322828885460577,6.5506330811199485,6.823012174635847,Moderate Growth
2025-04-01,23512.717,320.321,4.2,4.33,559.3164672851562,472.1697387695313,90.47896575927734,287.57000732421875,77.55243682861328,28.56999969482422,4.632877983131811,3.2122652746487512,4.1499999999999995,-1.1363049128362834,-2.7207346719870684,2.5075199928084713,13.902644248348551,2.3247917658210104,1.8394857342937776,17.16664073568736,22.41003202033435,20.625141328382426,14.820341993910557,6.624764107219397,6.861618569345619,Moderate Growth
2025-05-01,23512.717,320.58,4.2,4.33,556.8238525390625,481.1396484375,88.03265380859375,297.4599914550781,77.56378173828125,27.56999969482422,4.2963946202346115,3.2122652746487512,4.183333333333334,-0.4456537384269321,1.8997214203824608,-2.703735536933627,3.4391570327113374,0.014628695282703497,-3.5001750461382097,17.035935671905165,22.103385173108165,20.56755911872133,14.117248374316901,6.7309440911380625,7.9299130863063185,Moderate Growth
